arm	id	index	source_start_ms	source_real_end_ms	padding_ms	top1	top1_score	Speech	Child speech, kid speaking	Conversation	Narration, monologue	Whispering	Wail, moan	Groan	Music	Breathing	Pant	Silence
clips	clip-001	0	61500	62475	0	Door	0.17134077847003937	0.01398848369717598	0.0014299754984676838	0.0003618571499828249	0.0011075837537646294	5.365141078073066e-07	1.6984066930625374e-10	2.0335723149855767e-07	0.001632146188057959	7.91518614278175e-05	3.722511792147998e-07	0.00278400513343513
clips	clip-001	1	61980	62955	0	Slam	0.17493635416030884	0.04814925789833069	0.005035660229623318	0.0011212319368496537	0.001335960696451366	7.524193279095925e-06	5.725533824829654e-08	6.698591278109234e-06	0.0011748468969017267	0.0042771403677761555	2.0574529116856866e-05	0.012673198245465755
clips	clip-001	2	62460	63435	0	Explosion	0.18850010633468628	0.01236033160239458	0.0006001284345984459	0.0007643088465556502	0.00209722644649446	6.633651355514303e-05	1.288169301005837e-06	0.001615425106137991	0.011209440417587757	0.003933303523808718	4.037900453113252e-06	0.03286471590399742
clips	clip-001	3	62940	63915	0	Breathing	0.2688749432563782	0.026456579566001892	0.0015227441908791661	0.0005171583034098148	0.0013190467143431306	6.0629834479186684e-05	1.4007728168508038e-06	3.628064951044507e-05	0.0021574352867901325	0.2688749432563782	2.8347956686047837e-05	0.01612715795636177
clips	clip-001	4	63420	64395	0	Speech	0.1432773321866989	0.1432773321866989	0.0007422005292028189	0.0046771070919930935	0.010240833275020123	0.0015759741654619575	1.0267262950947043e-06	0.0004797682340722531	0.008433516137301922	0.0019681949634104967	2.254244918731274e-06	0.013757430948317051
clips	clip-001	5	63900	64875	0	Domestic animals, pets	0.17612461745738983	0.1359677016735077	0.0035253579262644053	0.0017602418083697557	0.004864679183810949	0.00029035317129455507	5.482985670823837e-06	0.0008647202048450708	0.0022557051852345467	0.0007559879450127482	7.052843216115434e-07	0.008332905359566212
clips	clip-001	6	64380	65355	0	Groan	0.1085747480392456	0.09452006965875626	0.0012254787143319845	0.001247019157744944	0.002341254847124219	9.619924094295129e-05	0.0018847048049792647	0.1085747480392456	0.03523385152220726	0.00813557580113411	9.059403964783996e-07	0.001576729235239327
clips	clip-001	7	64860	65835	0	Speech	0.38069918751716614	0.38069918751716614	6.151523848529905e-05	0.0007085375254973769	0.01740584522485733	6.091700015531387e-06	1.5112171514175543e-09	2.349414899072144e-06	0.0006130279507488012	0.0005016048671677709	3.429191999804182e-11	0.00177803507540375
clips	clip-001	8	65340	66315	0	Speech	0.0958486944437027	0.0958486944437027	0.00019827339565381408	0.0004550902813207358	0.00669182650744915	3.691362144309096e-05	2.2420207357320976e-10	4.213745796732837e-06	0.0007782280445098877	0.0002772051375359297	9.042015469695741e-10	0.0011810247087851167
clips	clip-001	9	65820	66795	0	Gunshot, gunfire	0.5303497314453125	0.009186862967908382	2.363959174545016e-05	5.2529798267642036e-05	0.000831154640763998	2.792710915855423e-07	5.361604172790524e-13	4.943486828778987e-07	0.0022573035676032305	3.6578026083589066e-06	1.1126264840011224e-12	0.007988844998180866
clips	clip-001	10	66300	67220.0	55.0	Outside, urban or manmade	0.13279490172863007	0.012451342307031155	0.000427111575845629	0.00012414743832778186	0.0004439795739017427	0.00041654863161966205	4.3722124587475264e-08	4.3719817767851055e-05	0.0031208274886012077	0.000479179376270622	7.865097728654291e-08	0.028560539707541466
clips	clip-002	0	63220	64195	0	Silence	0.14008057117462158	0.0046411543153226376	0.00023276582942344248	0.0008765085367485881	0.0018646421376615763	0.001075422391295433	8.414081094088033e-06	0.00047381321201100945	0.01442540343850851	0.0506170429289341	1.6356771084247157e-06	0.14008057117462158
clips	clip-002	1	63700	64675	0	Speech	0.3031710982322693	0.3031710982322693	0.037588026374578476	0.0011484874412417412	0.005736401304602623	0.0013197698863223195	2.0746990685438504e-06	0.00013079948257654905	0.0006683847168460488	0.0018519953591749072	1.650407739361981e-06	0.007775119040161371
clips	clip-002	2	64180	65155	0	Speech	0.16637030243873596	0.16637030243873596	9.385772136738524e-05	0.00023364501248579472	0.0008603192400187254	4.237335815560073e-06	2.5656656816863688e-06	0.026011867448687553	0.003724087495356798	0.00015386023733299226	6.777201377872188e-08	0.0005034917267039418
clips	clip-002	3	64660	65635	0	Speech	0.7638007998466492	0.7638007998466492	6.170412234496325e-05	0.0021496384870260954	0.008759522810578346	3.792554707615636e-05	8.459287670348203e-08	0.00035362315247766674	0.00021849064796697348	0.0005939806578680873	7.851318706286747e-09	0.0007752130040898919
clips	clip-002	4	65140	66115	0	Speech	0.9071589708328247	0.9071589708328247	6.061012754798867e-05	0.0005620160372927785	0.04056418314576149	1.6499795947311213e-06	6.144531498192274e-13	4.466881975417891e-08	8.986819739220664e-05	6.51503141853027e-05	5.23015832032403e-12	2.528498043830041e-05
clips	clip-002	5	65620	66595	0	Speech	0.24687272310256958	0.24687272310256958	7.836552686057985e-05	0.0002127377811120823	0.008053362369537354	4.3269486127428536e-07	2.483201903651089e-13	3.9918214156386966e-07	0.00045863608829677105	9.01842304301681e-06	9.235599481363654e-13	0.0004201904812362045
clips	clip-002	6	66100	67075	0	Explosion	0.42788147926330566	0.017794709652662277	7.729110075160861e-05	0.00023900614178273827	0.0015675961039960384	2.1834812287124805e-06	2.210835292615343e-09	6.998379831202328e-05	0.005323937628418207	3.507405563141219e-05	1.1399740040829442e-09	0.01677437499165535
clips	clip-002	7	66580	67555	0	Speech	0.9216797351837158	0.9216797351837158	0.0010281874565407634	0.005650890991091728	0.04693618416786194	1.0616868166835047e-06	4.078699156195853e-09	3.734054189408198e-05	5.62835848540999e-05	0.0005359406350180507	8.072221363564225e-11	4.1387389501323923e-05
clips	clip-002	8	67060	68035	0	Speech	0.30760571360588074	0.30760571360588074	0.0004188010061625391	0.00032106414437294006	0.018769659101963043	4.646263818131047e-09	9.750229459535784e-14	5.2521934718052776e-11	2.598962964839302e-05	1.3560542129198438e-06	9.74170580933921e-16	0.00011404090037103742
clips	clip-002	9	67540	68515	0	Speech	0.9406577944755554	0.9406577944755554	0.004663966596126556	0.007178197149187326	0.11397192627191544	2.6732232072390616e-07	1.0319389093238485e-10	2.9842922799616645e-08	6.817179382778704e-05	9.411845894646831e-06	3.2590589948977566e-11	0.0001675504754530266
clips	clip-002	10	68020	68995	0	Speech	0.8261632323265076	0.8261632323265076	0.006607794668525457	0.006389928050339222	0.01617949828505516	5.45896400581114e-05	9.31131239667593e-07	8.011535828700289e-05	0.0006266431882977486	0.00030357512878254056	3.007609734595462e-07	0.0010276726679876447
clips	clip-002	11	68500	69475	0	Arrow	0.09457642585039139	0.01154912170022726	0.0003826691536232829	0.0006364684668369591	0.0018636626191437244	0.0003375918895471841	1.856909420894226e-06	0.0010308010969311	0.07742641866207123	0.007464476395398378	1.6378972134134528e-07	0.03465732932090759
clips	clip-002	12	68980	69872.0	83.0	Explosion	0.10793415457010269	0.04003946855664253	0.000652728253044188	0.0005426841089501977	0.002681271405890584	0.0003785525623243302	5.305418540046958e-07	0.0012059812434017658	0.006557032931596041	0.0015395486261695623	2.125158005128469e-07	0.014578863978385925
clips	clip-003	0	189840	190815	0	Speech	0.8199255466461182	0.8199255466461182	4.598965460900217e-05	0.0005007943836972117	0.007259474601596594	4.397365955810528e-06	2.083049444739915e-12	2.5874918208046438e-08	0.0003114408173132688	9.767659321369138e-07	1.4383168050677297e-12	0.0008148393244482577
clips	clip-003	1	190320	191295	0	Speech	0.5619878768920898	0.5619878768920898	0.00087919388897717	0.002879113657400012	0.0054173641838133335	0.00022466749942395836	4.3803424887300935e-08	1.2350357792456634e-05	0.0002621196035761386	0.0002769438724499196	1.6058260499107746e-08	0.007965444587171078
clips	clip-003	2	190800	191775	0	Speech	0.9113085865974426	0.9113085865974426	4.770962550537661e-05	0.0018482949817553163	0.04402146115899086	5.987103577353992e-07	2.291219297623215e-12	5.472382103022255e-09	0.0001524983672425151	6.390037469827803e-06	4.341417850217688e-11	0.001748446375131607
clips	clip-003	3	191280	192255	0	Silence	0.28712937235832214	0.007552900351583958	0.0021893333178013563	0.0012358592357486486	0.0021319552324712276	0.04351746290922165	2.4701295842533e-05	6.674140604445711e-05	0.004014378413558006	0.05246121808886528	1.739467961670016e-06	0.28712937235832214
clips	clip-003	4	191760	192735	0	Speech	0.9931414723396301	0.9931414723396301	0.00023273697297554463	0.0006694251787848771	0.007478068117052317	4.923462193495709e-10	5.7929906751701685e-16	4.3725782543357905e-12	0.0013264620210975409	6.904960514475533e-07	3.222414197458223e-13	3.5049970392719842e-06
clips	clip-003	5	192240	193215	0	Speech	0.9957390427589417	0.9957390427589417	4.494406675803475e-05	0.002529414603486657	0.01625748910009861	1.8758086639536486e-07	9.940369552062945e-15	1.0689896884352734e-10	9.97805327642709e-05	6.687548193440307e-06	3.124743031598237e-13	4.9834528908832e-05
clips	clip-003	6	192720	193695	0	Speech	0.9843358397483826	0.9843358397483826	0.0005138729466125369	0.006938023492693901	0.029512563720345497	5.599342216555669e-07	1.7685646003240407e-10	2.15023121086233e-07	7.06809078110382e-05	9.07670892047463e-06	8.694539532783097e-11	3.179506165906787e-05
clips	clip-003	7	193200	194175	0	Speech	0.5956705808639526	0.5956705808639526	0.022187311202287674	0.0045374431647360325	0.014398046769201756	0.000439288531197235	4.539254518931557e-07	5.017897819925565e-06	0.0010449760593473911	0.0025248988531529903	8.867017697866686e-08	0.0034189908765256405
clips	clip-003	8	193680	194655	0	Speech	0.557205319404602	0.557205319404602	0.02930276095867157	0.0066116731613874435	0.02144618146121502	0.0022562029771506786	3.5186545233045763e-07	4.307578819862101e-06	0.0005690984544344246	0.001467898953706026	1.1066860139408163e-07	0.001536256750114262
clips	clip-003	9	194160	195135	0	Silence	0.34756460785865784	0.003411479527130723	0.00012602939386852086	0.0005632172687910497	0.0018376276129856706	0.0008583662565797567	2.3275983807025113e-08	5.690933903679252e-06	0.00442327419295907	0.004653274081647396	5.03428410070228e-09	0.34756460785865784
clips	clip-003	10	194640	195615	0	Silence	0.41817495226860046	0.002699825447052717	4.616965088644065e-05	0.00044649236951954663	0.001097625121474266	8.51592849357985e-05	9.328421590737435e-09	1.5588493624818511e-06	0.005013378337025642	0.002487771911546588	2.030137169484192e-11	0.41817495226860046
clips	clip-003	11	195120	196020.0	75.0	Silence	0.09779325127601624	0.012009404599666595	0.0005664519849233329	0.0010189241729676723	0.0012915690895169973	0.0020218396093696356	0.00044052477460354567	0.00987910944968462	0.0142679363489151	0.03849693015217781	1.0733704584708903e-05	0.09779325127601624
clips	clip-004	0	210820	211795	0	Silence	0.34773868322372437	0.00463810795918107	0.0010836129076778889	0.0007280411082319915	0.001422086963430047	0.0012948818039149046	2.3083082396624377e-06	0.00033193055423907936	0.010552432388067245	0.0018545284401625395	1.5144692611102073e-07	0.34773868322372437
clips	clip-004	1	211300	212275	0	Silence	0.20109207928180695	0.01702502742409706	0.0013397883158177137	0.0019351920345798135	0.004972679540514946	0.0098929014056921	9.779543006516178e-07	6.29726200713776e-05	0.029239386320114136	0.012411042116582394	5.427291398518719e-07	0.20109207928180695
clips	clip-004	2	211780	212755	0	Silence	0.20290055871009827	0.016118936240673065	0.0018952387617900968	0.002075808122754097	0.002745498437434435	0.008446924388408661	5.042149859946221e-05	0.0005920631811022758	0.006635442841798067	0.024325275793671608	1.199936741613783e-05	0.20290055871009827
clips	clip-004	3	212260	213235	0	Speech	0.5667840242385864	0.5667840242385864	0.004821251146495342	0.0027785126585513353	0.003433763515204191	0.00414462573826313	0.00036192842526361346	0.0021218308247625828	0.0005956683889962733	0.06384815275669098	9.714734687804594e-07	0.00476984353736043
clips	clip-004	4	212740	213715	0	Speech	0.9971877336502075	0.9971877336502075	6.06626784360742e-08	7.270123023772612e-05	0.004994802176952362	1.4452880827352764e-16	4.3174769491754075e-27	3.1469668371409043e-22	1.7787187971407548e-06	3.773741302087741e-13	9.037200390973227e-26	2.50723104500139e-07
clips	clip-004	5	213220	214195	0	Speech	0.9890350699424744	0.9890350699424744	7.945005563669838e-06	0.0008538482361473143	0.006338287144899368	4.41812744611525e-06	8.028799657446364e-14	1.5747501913576656e-10	4.469531268114224e-05	7.557844219263643e-05	4.1758427271609833e-10	2.8405031116562895e-05
clips	clip-004	6	213700	214675	0	Speech	0.7550582885742188	0.7550582885742188	0.00043385245953686535	0.0018722927197813988	0.003065272932872176	1.5280793377314694e-05	1.8229515119649875e-10	1.4700242445542244e-07	0.0004886266542598605	0.00029754312708973885	4.567981548575517e-08	0.00020293817215133458
clips	clip-004	7	214180	215155	0	Music	0.1563417762517929	0.015892269089818	0.0013601286336779594	9.763008711161092e-05	0.0006515377317555249	3.158934305247385e-06	1.6846728456698656e-09	3.079550197071512e-07	0.1563417762517929	5.1299703045515344e-05	1.6603260433178946e-10	0.00032988155726343393
clips	clip-004	8	214660	215635	0	Music	0.5069672465324402	0.004086617846041918	0.0008384222164750099	5.781704021501355e-05	0.0005222250474616885	6.58247927276534e-07	4.30734670153754e-10	1.0955612594898412e-07	0.5069672465324402	1.319300827162806e-05	1.3698264744732569e-11	0.0013550552539527416
clips	clip-004	9	215140	215936.0	179.0	Music	0.8095956444740295	0.005242163315415382	0.00029579491820186377	2.8305546948104165e-05	0.0006748169544152915	1.8272548629738594e-07	1.528057254063242e-07	4.915932095173048e-06	0.8095956444740295	0.00011282361811026931	2.8032680621237205e-09	0.0002633404510561377
clips	clip-005	0	213880	214855	0	Inside, small room	0.2353965938091278	0.09009484946727753	0.01228307094424963	0.0024016438983380795	0.003272467292845249	3.4765456803143024e-05	1.907424120872747e-06	2.4429429686279036e-05	0.0013905545929446816	0.007504452485591173	0.00016367543139494956	0.0022218923550099134
clips	clip-005	1	214360	215335	0	Music	0.5432567596435547	0.008008231408894062	0.0008922499255277216	6.615911843255162e-05	0.0011325631057843566	1.0879116416617762e-05	3.771665965657256e-11	2.1096431268574634e-08	0.5432567596435547	5.291053093969822e-05	8.568139253650742e-11	0.0004524560063146055
clips	clip-005	2	214840	215815	0	Music	0.6582044363021851	0.0017086267471313477	0.0006422670558094978	2.3421926016453654e-05	0.00017446946003474295	1.1801762411778327e-05	1.2256342607486204e-08	2.4984144602058223e-06	0.6582044363021851	9.47140870266594e-05	2.940985410759822e-08	0.0005923174321651459
clips	clip-005	3	215320	216295	0	Music	0.6561194658279419	0.001543588237836957	1.4550942069035955e-05	8.284070531772159e-07	3.859630669467151e-05	6.13656965242626e-08	1.3582464476798325e-15	2.1745105716064472e-12	0.6561194658279419	1.5724156128271716e-06	1.2382823445008379e-13	0.00023118528770282865
clips	clip-005	4	215800	216775	0	Water	0.08553095161914825	0.06112372875213623	0.001894837711006403	0.0011546622263267636	0.0024946576450020075	0.00013297736586537212	1.1576190672712983e-07	5.609796858152549e-07	0.06450483947992325	0.0013133605243638158	9.044438797900511e-08	0.011763295158743858
clips	clip-005	5	216280	217255	0	Water	0.06494340300559998	0.007548784837126732	0.0001786182401701808	5.5292639444814995e-05	0.00018621796334628016	4.56185716757318e-06	1.463671267520894e-10	3.093286338184953e-08	0.018882106989622116	0.0025041874032467604	3.6726930829900084e-07	0.0038819792680442333
clips	clip-005	6	216760	217735	0	Drip	0.5113170146942139	0.042275529354810715	0.00787033699452877	0.0003110455581918359	0.0017905376153066754	0.0005337360198609531	3.80306924840923e-10	6.053726764321254e-08	0.007464768830686808	0.0010058863554149866	1.4754309773934438e-08	0.0022297045215964317
clips	clip-005	7	217240	218215	0	Speech	0.7754179239273071	0.7754179239273071	0.0015363546553999186	0.0006446547922678292	0.0010071017313748598	3.2259915315080434e-05	4.5766626599608173e-10	1.3921719244081032e-07	0.0015292445896193385	0.00023946166038513184	1.4625764777065342e-07	5.355349640012719e-05
clips	clip-005	8	217720	218620.0	75.0	Speech	0.43818098306655884	0.43818098306655884	0.0005068443133495748	0.00013181001122575253	0.0015217845793813467	1.4703772649227176e-05	3.4657516440050884e-11	4.6863348757142376e-08	0.001805952750146389	0.00011314458242850378	7.031004667368279e-10	0.00022720664856024086
clips	clip-006	0	216940	217915	0	Drip	0.06399930268526077	0.04788225516676903	0.0019156638300046325	0.0004397571610752493	0.0028126745019108057	8.362784137716517e-05	2.175272850735155e-09	3.575749190076749e-07	0.038901813328266144	0.0017370821442455053	2.4582741176004674e-08	0.0022061297204345465
clips	clip-006	1	217420	218395	0	Speech	0.804180383682251	0.804180383682251	2.026255060627591e-05	3.261142046540044e-05	0.0005183778121136129	1.616784857105813e-07	2.5712627438058107e-15	2.218364728023836e-11	0.001651037484407425	5.127691110828891e-06	5.047207877334481e-12	1.6396050341427326e-05
clips	clip-006	2	217900	218875	0	Speech	0.4015633463859558	0.4015633463859558	0.0006193842855282128	0.00020348788530100137	0.004173679277300835	3.7217310477899446e-07	4.590469172317813e-13	3.12741707531039e-11	0.35369211435317993	2.327148877157015e-06	8.419845766785561e-13	1.9311828509671614e-05
clips	clip-006	3	218380	219355	0	Music	0.7986307144165039	0.002444441197440028	5.99384329689201e-05	1.560239979880862e-06	5.57814200874418e-05	1.882308531264698e-09	3.5860442219870503e-12	2.1562256424800808e-09	0.7986307144165039	1.44412490499235e-06	3.436604126272336e-11	3.83445258194115e-05
clips	clip-006	4	218860	219835	0	Music	0.3616348206996918	0.003199612256139517	0.00044065937981940806	7.831243237887975e-06	5.724144648411311e-05	2.3646935005672276e-06	1.4152909955100768e-09	5.364078106140369e-07	0.3616348206996918	2.6235913537675515e-05	2.3898176770842383e-09	0.00012713913747575134
clips	clip-006	5	219340	220315	0	Music	0.25954800844192505	0.060468435287475586	0.0025952716823667288	0.00015308274305425584	0.0007760777953080833	6.25907077278498e-08	3.988420704814644e-09	1.4563117645138846e-07	0.25954800844192505	5.36322986590676e-05	3.2411595629611156e-09	0.0002162483724532649
clips	clip-006	6	219820	220795	0	Speech	0.26336976885795593	0.26336976885795593	0.0006649044225923717	0.00047521383385173976	0.004085197579115629	6.969850687710277e-07	2.409926036506249e-09	1.1493766578496434e-06	0.12533165514469147	0.00021116291463840753	1.044072295286469e-08	0.0001269112981390208
clips	clip-006	7	220300	221275	0	Speech	0.22833837568759918	0.22833837568759918	0.00016173430776689202	3.550163091858849e-05	0.0006781746633350849	3.865413873427315e-06	4.4714953961744186e-11	1.0181604892522955e-08	0.04719347506761551	0.0003900819574482739	1.9461319666902455e-08	0.00025056276354007423
clips	clip-006	8	220780	221755	0	Water	0.15550439059734344	0.08828528970479965	0.005211266689002514	0.0002744279627222568	0.00292283296585083	2.6053128749481402e-05	3.2539320127256133e-09	3.075449228617799e-08	0.014139200560748577	0.003970157355070114	2.094390882945163e-09	0.0022210045717656612
clips	clip-006	9	221260	222235	0	Drip	0.20163296163082123	0.01972474716603756	0.013126963749527931	5.222362233325839e-05	0.0007835171418264508	0.00013648511958308518	6.472567620763314e-11	6.294899046466185e-10	0.011292812414467335	0.002267060801386833	1.0596414717900515e-10	0.0007687232573516667
clips	clip-006	10	221740	222715	0	Music	0.6475909948348999	0.005008307285606861	4.7486166295129806e-05	5.416895419330103e-06	0.00023798877373337746	3.9170288346213056e-07	1.29356201856827e-13	5.962752513966052e-11	0.6475909948348999	0.00032233603997156024	4.28089820536659e-11	0.0001730924705043435
clips	clip-006	11	222220	223195	0	Music	0.7236521244049072	0.00892422441393137	5.48206917301286e-05	4.4131964386906475e-05	0.0004475096648093313	3.6505991829471895e-06	5.831842786463426e-10	1.891557701583224e-07	0.7236521244049072	0.00012828398030251265	3.130326442501996e-09	7.759291474940255e-05
clips	clip-006	12	222700	223360.0	315.0	Music	0.3087887167930603	0.0037541347555816174	5.20323337696027e-05	1.2920586414111312e-05	0.0003001209697686136	5.2575756853912026e-05	6.985444861440371e-11	1.0703254815780383e-07	0.3087887167930603	4.052167423651554e-05	1.0703096742226137e-10	0.0011657403083518147
clips	clip-007	0	219360	220335	0	Music	0.25703758001327515	0.13685208559036255	0.0013559134677052498	0.00046106279478408396	0.00226132501848042	1.3460181946811645e-07	1.98260699524333e-10	1.2490642298246257e-08	0.25703758001327515	3.6149340303381905e-05	1.7654445683135123e-09	5.2088682423345745e-05
clips	clip-007	1	219840	220815	0	Music	0.4311094582080841	0.0656849667429924	0.0004426484229043126	0.00014426054258365184	0.0037191673181951046	2.2260314480604393e-08	7.923039307966562e-11	2.7765880261654274e-08	0.4311094582080841	3.2598458346910775e-05	2.5340765597015036e-10	3.235061376472004e-05
clips	clip-007	2	220320	221295	0	Speech	0.19320937991142273	0.19320937991142273	1.1954548426729161e-05	1.3887555724068079e-05	0.0005442887195385993	1.517781811344321e-07	8.66335540632146e-14	1.5195669722523064e-10	0.038522928953170776	5.9465895901666954e-05	1.7215960601557612e-10	0.00017216296691913158
clips	clip-007	3	220800	221775	0	Speech	0.27189213037490845	0.27189213037490845	0.012282365933060646	0.0010517039336264133	0.005652367603033781	5.3414511057781056e-05	1.1098608254656028e-08	1.9367323034202855e-07	0.048815809190273285	0.004170604515820742	2.8412825425760957e-09	0.0007990846643224359
clips	clip-007	4	221280	222255	0	Drip	0.2171524167060852	0.03947858884930611	0.012050054967403412	0.00022175208141561598	0.004447372164577246	0.0005868079024367034	2.505996798962684e-10	5.12621856074702e-09	0.028326960280537605	0.007504129316657782	5.72445024715762e-09	0.002048396971076727
clips	clip-007	5	221760	222735	0	Music	0.4769305884838104	0.001947767217643559	8.202611206797883e-05	2.5535878194204997e-06	0.00022506479581352323	1.7033034538371794e-08	1.6948692205557767e-14	4.850328125249881e-11	0.4769305884838104	7.920343341538683e-05	8.843404307457003e-12	0.00021949413348920643
clips	clip-007	6	222240	223215	0	Music	0.3076956868171692	0.015724249184131622	0.00014526835002470762	5.326288010110147e-05	0.001273488625884056	9.638375559006818e-06	7.940921531446321e-11	2.294178358397403e-07	0.3076956868171692	3.9247333916136995e-05	2.9819462454838686e-09	0.00012631042045541108
clips	clip-007	7	222720	223695	0	Music	0.1505255401134491	0.026312215253710747	0.0020079277455806732	0.00015119438467081636	0.0015441931318491697	0.00011699551396304742	6.699801158305263e-09	2.5234114673367003e-06	0.1505255401134491	0.001315544475801289	5.5607145554859017e-08	0.0029046961572021246
clips	clip-007	8	223200	224175	0	Drip	0.6803942918777466	0.02334987372159958	0.002447008853778243	6.859920540591702e-05	0.00047578560770489275	0.0007256814860738814	1.7116040806897104e-09	4.982325663149823e-07	0.0186935905367136	0.0013535738689824939	1.0125887683898327e-08	0.0012783142738044262
clips	clip-007	9	223680	224655	0	Drip	0.5899158716201782	0.02897077612578869	0.010358181782066822	0.0003646017285063863	0.002046187175437808	0.0031368958298116922	1.8043037641746196e-07	6.113360996096162e-06	0.025098273530602455	0.006587265525013208	1.775158466443827e-06	0.006845987867563963
clips	clip-007	10	224160	225135	0	Animal	0.21342508494853973	0.012198608368635178	0.0060695805586874485	0.00040968519169837236	0.0032971117179840803	0.00021521947928704321	1.9074045098932402e-07	3.59985438080912e-06	0.021079499274492264	0.00833896640688181	2.2431856905313907e-06	0.010440587997436523
clips	clip-007	11	224640	225615	0	Drip	0.7114804983139038	0.02958749420940876	0.003872114000841975	0.00038088561268523335	0.00321149337105453	0.010736651718616486	1.456957310352891e-08	2.6551940663921414e-06	0.008791957050561905	0.0032486366108059883	1.042739228296341e-07	0.01597297377884388
clips	clip-007	12	225120	226095	0	Music	0.4221741557121277	0.03265763446688652	0.0020294170826673508	0.0003618507762439549	0.0008146099280565977	2.6887815693044104e-05	2.757109385242984e-08	3.087283744207525e-07	0.4221741557121277	0.0002611967793200165	1.629432802019437e-07	0.0008890446624718606
clips	clip-007	13	225600	226575	0	Music	0.6913876533508301	0.004347660578787327	0.00030848951428197324	6.388960900949314e-05	0.00021188614482525736	2.600008208730742e-08	2.613060878786655e-10	1.0391852356406162e-07	0.6913876533508301	2.83991607830103e-06	1.790529169376498e-09	1.4568409824278206e-05
clips	clip-007	14	226080	227055	0	Music	0.23392629623413086	0.011920726858079433	0.0007605640566907823	3.0261115171015263e-05	0.0001339486479992047	8.599097054684535e-05	2.1311730158402042e-10	6.032668409261532e-08	0.23392629623413086	0.00016926285752560943	1.256825612472312e-07	0.0001249352644663304
clips	clip-007	15	226560	227535	0	Music	0.4158931374549866	0.0038498423527926207	0.0005857874639332294	6.952383500902215e-06	0.00012903356400784105	2.0799198807708308e-07	2.8279238759726377e-12	8.9198515240696e-09	0.4158931374549866	4.51462619821541e-05	3.7647315820343863e-10	0.00015497440472245216
clips	clip-007	16	227040	228015	0	Vehicle	0.1219961941242218	0.034193553030490875	0.008596987463533878	0.0004968943540006876	0.0014388150302693248	4.4753164729627315e-06	4.994499249733053e-07	3.345492950757034e-05	0.04554956406354904	0.0012209354899823666	1.357406290480867e-06	0.004045786801725626
clips	clip-007	17	227520	228020.0	475.0	Vehicle	0.06980599462985992	0.009415136650204659	0.00010604764247545972	4.8255271394737065e-05	0.00023800147755537182	1.3708574897464132e-07	1.4269599946103995e-09	1.140944459621096e-05	0.06046241149306297	0.00043010435183532536	1.0602150979366343e-07	0.00032218763954006135
clips	clip-008	0	258360	259335	0	Speech	0.3995015323162079	0.3995015323162079	0.003994134720414877	0.005700373090803623	0.010976734571158886	0.0007216646336019039	9.669776090959203e-07	9.721179594635032e-06	0.003802022896707058	0.02704034373164177	9.312615475209896e-06	0.009293503127992153
clips	clip-008	1	258840	259815	0	Speech	0.9060322046279907	0.9060322046279907	0.009601527824997902	0.005430117715150118	0.014314481057226658	3.3755954063963145e-05	2.4931267716965522e-08	3.0988248909125105e-06	0.00012168626562925056	0.0003070830716751516	1.987743658560248e-08	0.00012041965965181589
clips	clip-008	2	259320	260295	0	Speech	0.8673262596130371	0.8673262596130371	0.004873580764979124	0.0015545550268143415	0.0007489306735806167	8.406665301663452e-07	4.309111747979877e-11	1.806157179373713e-08	0.00021539400040637702	8.206937491195276e-05	1.7016839137795614e-07	5.83448818360921e-05
clips	clip-008	3	259800	260775	0	Inside, small room	0.283314973115921	0.20535413920879364	0.0013931526336818933	0.0005004634731449187	0.0007289578788913786	2.260579918811345e-07	1.1872357263964517e-10	6.397303309313429e-08	0.0005973655497655272	0.0003851165238302201	2.399390268692514e-07	6.938678416190669e-05
clips	clip-008	4	260280	261255	0	Speech	0.9350603222846985	0.9350603222846985	0.0007431942503899336	0.002627388574182987	0.0024321714881807566	0.00063522276468575	7.83016099875633e-12	3.737367748612996e-09	6.491112435469404e-05	0.0001369698584312573	3.2785864301221324e-11	0.00034376225084997714
clips	clip-008	5	260760	261735	0	Speech	0.9475802183151245	0.9475802183151245	0.0003556111769285053	0.0008042625267989933	0.0005686780204996467	4.616172373062e-05	2.5624881772046137e-08	3.224266720280866e-08	4.8587873607175425e-05	8.567609620513394e-05	4.593330993341027e-10	2.9522949262172915e-05
clips	clip-008	6	261240	262215	0	Speech	0.5716257095336914	0.5716257095336914	0.0018255570903420448	0.001455436460673809	0.0002588717907201499	5.259602858131984e-06	1.7298865714110434e-05	9.047963430930395e-06	0.00018636307504493743	0.0034751228522509336	5.5306500144070014e-06	2.3756680093356408e-05
clips	clip-008	7	261720	262695	0	Speech	0.983538031578064	0.983538031578064	0.0018422813154757023	0.006045264191925526	0.004396543838083744	0.00013471796410158277	1.4411867255148536e-08	2.241305168126928e-07	5.434416380012408e-05	0.0004477778566069901	1.70819916434084e-07	5.3961604862706736e-05
clips	clip-008	8	262200	263175	0	Speech	0.7523733377456665	0.7523733377456665	0.013561789877712727	0.00520303612574935	0.004345891997218132	5.972060534986667e-05	1.701938714404605e-07	1.722113779578649e-06	3.969726822106168e-05	0.00684390077367425	2.4342803953913972e-05	0.0009443252929486334
clips	clip-008	9	262680	263655	0	Speech	0.9906378388404846	0.9906378388404846	0.0006551123806275427	0.04914654791355133	0.019564328715205193	6.4725727497716434e-06	2.692414113880659e-08	1.598937728886085e-06	0.00015371080371551216	0.0007522287196479738	1.21989569379366e-06	2.7018853870686144e-05
clips	clip-008	10	263160	264000.0	135.0	Speech	0.970026969909668	0.970026969909668	0.0001119287553592585	0.009251805022358894	0.0026938426308333874	1.5441111145264586e-06	1.3053579550614813e-08	2.0274410417187028e-06	0.0002501495473552495	2.776483233901672e-05	1.9595020717133593e-07	2.2880547476233914e-05
clips	clip-009	0	260000	260975	0	Speech	0.6081152558326721	0.6081152558326721	0.0010373751865699887	0.00132996856700629	0.0018091317033395171	1.1163017461512936e-06	5.176133480166989e-11	3.7951171094618985e-08	0.00015845194866415113	8.855885971570387e-05	8.962850017724122e-08	5.528657493414357e-05
clips	clip-009	1	260480	261455	0	Speech	0.9678590297698975	0.9678590297698975	0.0011428336147218943	0.0009658543858677149	0.0022747640032321215	4.955965050612576e-05	4.012294782442666e-13	4.221053367947647e-11	7.7819067882956e-06	4.527491546468809e-05	8.35689156764019e-12	3.048876351385843e-05
clips	clip-009	2	260960	261935	0	Speech	0.9935958385467529	0.9935958385467529	6.285850395215675e-05	0.0027626503724604845	0.008235388435423374	3.586328456428589e-10	4.093235299318376e-12	1.1646285047461902e-09	6.88715444994159e-05	8.634397090645507e-06	1.9335905099282513e-10	5.0479006858950015e-06
clips	clip-009	3	261440	262415	0	Speech	0.9464275240898132	0.9464275240898132	0.0002769729180727154	0.0027642010245472193	0.0023281157482415438	1.08207577795838e-05	5.701271220459603e-06	9.140406291407999e-06	0.0002872221521101892	0.0005453600315377116	4.3131265670126595e-07	4.536415872280486e-05
clips	clip-009	4	261920	262895	0	Speech	0.6088793277740479	0.6088793277740479	0.0019171979511156678	0.0029839384369552135	0.0015278917271643877	1.0350918273616116e-05	8.513659111031302e-08	4.942006626151851e-07	0.0007077749469317496	0.005467075854539871	1.5068163747855579e-06	0.00010934611782431602
clips	clip-009	5	262400	263375	0	Speech	0.9839706420898438	0.9839706420898438	0.0028810591902583838	0.026292506605386734	0.030598090961575508	1.1007977462895724e-07	6.495103899162302e-10	2.1861135124368047e-08	5.407637945609167e-05	6.865397153887898e-05	1.1732838034461679e-09	2.3394912204821594e-05
clips	clip-009	6	262880	263855	0	Speech	0.9756430983543396	0.9756430983543396	0.0006180875352583826	0.05941115692257881	0.008500678464770317	5.5849490308901295e-05	9.83783024821605e-07	3.524297062540427e-05	0.0002816565101966262	0.000673013215418905	2.2387703211279586e-06	0.00010916316387010738
clips	clip-009	7	263360	264335	0	Speech	0.9860482811927795	0.9860482811927795	0.001280695665627718	0.031007440760731697	0.008631446398794651	1.9636172510217875e-05	3.0353592972431898e-09	2.1368680336308898e-07	0.0001307952479692176	8.50780270411633e-05	2.4161985834325606e-07	0.00010031277633970603
clips	clip-009	8	263840	264815	0	Speech	0.90468430519104	0.90468430519104	0.0060331132262945175	0.0030502669978886843	0.001779327867552638	0.0007476410246454179	1.4263056073104963e-05	1.3614092495117802e-05	0.000529174751136452	0.008530337363481522	1.8588902094052173e-05	0.0007726498297415674
clips	clip-009	9	264320	265295	0	Speech	0.9153416156768799	0.9153416156768799	0.003216057550162077	0.0011773203732445836	0.000818588538095355	0.00011684534547384828	1.0723955057301282e-07	3.829536296962033e-07	3.237048440496437e-05	0.0021249691490083933	1.0496415114857882e-07	2.227945333288517e-05
clips	clip-009	10	264800	265775	0	Speech	0.9761162996292114	0.9761162996292114	0.00056885473895818	0.005716701038181782	0.020336320623755455	1.6358284256057232e-06	1.518554899881952e-11	1.5444601153546955e-09	8.225287456298247e-05	4.929399801767431e-05	1.102168578626106e-09	0.0005228394293226302
clips	clip-009	11	265280	266255	0	Speech	0.990268886089325	0.990268886089325	0.0014434357872232795	0.0055513144470751286	0.020482301712036133	4.006583822047105e-06	1.2406712809887033e-11	3.6619849375085778e-09	4.68248181277886e-05	5.682001210516319e-05	8.650035354662577e-09	5.760598651249893e-05
clips	clip-009	12	265760	266580.0	155.0	Speech	0.9679353833198547	0.9679353833198547	4.359890954219736e-05	0.0018054114188998938	0.0026621511206030846	4.6540048970200587e-07	1.005353179178714e-11	8.961358766157446e-09	4.7130575694609433e-05	1.6544323443667963e-05	1.4607602905059025e-09	1.3166915778128896e-05
clips	clip-010	0	263200	264175	0	Speech	0.9913417100906372	0.9913417100906372	0.0004944775719195604	0.06718583405017853	0.004579014610499144	2.2458227704191813e-06	2.3541719684772033e-09	8.840032705847989e-08	0.00019452320702839643	6.175133603392169e-05	9.672111644931647e-08	2.489141479600221e-05
clips	clip-010	1	263680	264655	0	Speech	0.9678261876106262	0.9678261876106262	0.0007534946198575199	0.0008103707223199308	0.004091544542461634	4.163947323831962e-06	5.449369844257035e-10	1.1288360468597602e-08	0.0003217038756702095	0.00010309523349860683	7.343837093998218e-09	0.0001217910903505981
clips	clip-010	2	264160	265135	0	Speech	0.9541085362434387	0.9541085362434387	0.010650059208273888	0.0024134356062859297	0.0021233006846159697	0.000819000881165266	4.789941332461467e-09	1.481818845405769e-08	2.1507517885765992e-05	0.0004995972267352045	5.439093619941104e-09	0.00020036468049511313
clips	clip-010	3	264640	265615	0	Inside, small room	0.23324349522590637	0.04770112410187721	0.0021566604264080524	0.0009464911418035626	0.0037421071901917458	1.5865016393945552e-05	6.562600241011296e-09	1.3469799853282893e-07	0.0012551933759823442	0.002663488034158945	1.814991748005923e-07	0.01356362272053957
clips	clip-010	4	265120	266095	0	Speech	0.9981964230537415	0.9981964230537415	7.569041713395563e-07	0.00026111339684575796	0.03688722848892212	8.639296960114007e-14	8.852099726241356e-26	1.3041724144668488e-21	1.2136955774622038e-05	3.429172570901251e-11	1.4674234149891862e-20	1.1992341342192958e-06
clips	clip-010	5	265600	266575	0	Speech	0.9861162900924683	0.9861162900924683	0.0004376004508230835	0.005249316804111004	0.005744644906371832	1.5927123968140222e-05	9.193156458309204e-09	5.396777282840048e-07	6.39665377093479e-05	0.0005259584286250174	5.907934337301413e-06	4.206474113743752e-05
clips	clip-010	6	266080	267055	0	Inside, small room	0.33861297369003296	0.01698528416454792	4.5050699554849416e-05	6.403338193194941e-05	6.177442992338911e-05	5.003555791915915e-09	1.324893103213376e-12	1.0685274887123342e-09	0.00015626820095349103	0.00011783287482103333	8.536277164239436e-06	1.5024405001895502e-05
clips	clip-010	7	266560	267535	0	Inside, small room	0.6807140111923218	0.0018358234083279967	6.626683898502961e-06	4.783821623277618e-06	1.3401353498920798e-05	1.6523324375405934e-11	1.714522401929282e-16	6.055364543122721e-13	1.611623156350106e-05	4.047428592457436e-05	4.834408287024416e-07	3.7073466955916956e-05
clips	clip-010	8	267040	268015	0	Inside, small room	0.16380681097507477	0.027164258062839508	0.00015716973575763404	0.0002451920008752495	0.0010233578504994512	3.6521069546324725e-07	3.777742701993603e-11	1.0481370082970898e-07	0.00017649387882556766	0.00042502369615249336	1.1091612577729393e-05	0.0007646687445230782
clips	clip-010	9	267520	268240.0	255.0	Speech	0.8774173855781555	0.8774173855781555	0.0047578997910022736	0.0004856228770222515	0.0012533924309536815	3.5190637390769552e-06	4.391583097174134e-09	5.00492262744956e-07	0.00022225904103834182	8.30415137897944e-06	1.7555288334136776e-09	0.000392766174627468
clips	clip-011	0	3353932	3354907	0	Inside, small room	0.21578049659729004	0.0045136320404708385	0.0027780886739492416	0.00048567570047453046	0.0007176556973718107	0.0021994346752762794	4.8704573600844014e-06	2.839939588739071e-05	0.0029555445071309805	0.0037943243514746428	0.00026499899104237556	0.03691376745700836
clips	clip-011	1	3354412	3355387	0	Animal	0.11561144888401031	0.016813315451145172	0.004908616654574871	0.0006579012842848897	0.0019224864663556218	0.002022033091634512	3.4208630950161023e-06	3.2413176086265594e-05	0.006451738066971302	0.010659398511052132	5.5660530051682144e-05	0.011702840216457844
clips	clip-011	2	3354892	3355867	0	Inside, small room	0.3365136981010437	0.10114762932062149	0.0024633000139147043	0.0007003756472840905	0.0008171089575625956	2.3774200599291362e-05	2.3660660986024595e-08	8.313284638461482e-08	0.0005406244308687747	0.0031505117658525705	3.3514872939122142e-06	0.002018064958974719
clips	clip-011	3	3355372	3356347	0	Speech	0.9039349555969238	0.9039349555969238	0.001431852113455534	0.0019184639677405357	0.0053689442574977875	0.00017988371837418526	1.5465501101985524e-09	7.897236287135456e-08	0.0006924244808033109	0.0011638124706223607	1.8338550233920614e-08	0.00013615883653983474
clips	clip-011	4	3355852	3356827	0	Speech	0.9989081025123596	0.9989081025123596	3.7631096347467974e-05	0.0007700235000811517	0.005711640231311321	2.8614823184558436e-12	2.1373306590256008e-19	4.866105814395837e-16	2.5889517928590067e-05	3.7260026175545136e-08	6.259248960711363e-16	5.955208166597004e-07
clips	clip-011	5	3356332	3357307	0	Speech	0.9982351064682007	0.9982351064682007	1.921588818731834e-06	0.0007534821634180844	0.05493389815092087	3.2461335594362317e-13	2.5545060440289987e-22	2.5677009702626064e-18	7.186275524873054e-06	5.816271908543058e-09	2.7843964413573574e-18	8.213497494580224e-06
clips	clip-011	6	3356812	3357787	0	Speech	0.9153847098350525	0.9153847098350525	0.008229960687458515	0.0060618300922214985	0.007642745040357113	8.981815335573629e-05	1.0247592996392996e-08	1.7228336446351022e-07	0.0003395067760720849	0.0008207406499423087	3.185985519849055e-08	0.0007578701479360461
clips	clip-011	7	3357292	3358267	0	Speech	0.826015055179596	0.826015055179596	0.05445148050785065	0.005356443114578724	0.004522234201431274	0.00020025829144287854	4.6329567737757316e-08	3.3818753308878513e-07	5.144211172591895e-05	0.001054694876074791	1.4094566402889086e-08	0.00022301262652035803
clips	clip-011	8	3357772	3358747	0	Speech	0.8467756509780884	0.8467756509780884	0.10012595355510712	0.005968892481178045	0.00671000313013792	0.0003752119082491845	5.710295347682859e-09	1.6700177241091296e-08	1.962503301911056e-05	0.000652923306915909	1.6061262542166332e-08	0.0005408702418208122
clips	clip-011	9	3358252	3358832.0	395.0	Inside, small room	0.16126109659671783	0.12015534192323685	0.005163561087101698	0.001809644978493452	0.0010497020557522774	0.0005091703496873379	6.433267117245123e-05	0.00023859403154347092	0.0018993194680660963	0.03238239511847496	0.0009873543167486787	0.00792981218546629
clips	clip-012	0	3355732	3356707	0	Speech	0.9953162670135498	0.9953162670135498	0.0002416149218333885	0.0006747465813532472	0.0036238369066268206	4.918768725659106e-10	1.6502480331141885e-14	8.40467105633902e-12	8.319896005559713e-05	2.3173536192189204e-06	2.7282730653659104e-13	7.058789833536139e-06
clips	clip-012	1	3356212	3357187	0	Speech	0.9979871511459351	0.9979871511459351	3.811964415945113e-05	0.004000673536211252	0.019352884963154793	4.469810743756852e-09	4.2751965297982766e-14	1.1293210290530542e-11	0.0001478925987612456	2.2249882931646425e-06	9.859928845612487e-11	2.1175635993131436e-05
clips	clip-012	2	3356692	3357667	0	Speech	0.9808300137519836	0.9808300137519836	0.0001318077411269769	0.002511942759156227	0.005256165750324726	1.7602951629669406e-07	2.1673709647753586e-13	4.217681412455043e-11	4.919078492093831e-05	0.00013845908688381314	4.858117241823834e-10	0.0001294296234846115
clips	clip-012	3	3357172	3358147	0	Speech	0.6628886461257935	0.6628886461257935	0.08989857882261276	0.002861452754586935	0.0016933080041781068	1.324126060353592e-06	1.21847385514684e-08	4.99862373715132e-09	0.00011131131032016128	0.0003605727106332779	4.444341339393532e-09	8.972117211669683e-05
clips	clip-012	4	3357652	3358627	0	Speech	0.362273633480072	0.362273633480072	0.15525572001934052	0.0041252197697758675	0.0021038611885160208	0.0027242442592978477	2.637452553244657e-06	7.266890520440938e-07	6.510343519039452e-05	0.006032141391187906	1.5634455508006795e-07	0.0017191750230267644
clips	clip-012	5	3358132	3359107	0	Speech	0.5939759612083435	0.5939759612083435	0.11051467061042786	0.002500146860256791	0.0004134734917897731	0.00013132861931808293	3.1058930289873388e-06	2.1495566215889994e-07	2.571071672718972e-05	0.005578298587352037	1.3015938549187922e-08	0.00015598130994476378
clips	clip-012	6	3358612	3359587	0	Speech	0.9585935473442078	0.9585935473442078	0.0003715742495842278	0.0011260111350566149	0.012377078644931316	1.1920582299040916e-09	1.738927512252267e-15	1.6713528347769846e-12	0.00023504528508055955	6.309713853624999e-07	3.0073697438598446e-13	9.10152230062522e-05
clips	clip-012	7	3359092	3360067	0	Speech	0.9997641444206238	0.9997641444206238	4.619738185746014e-12	1.3414040722636855e-06	0.003419432556256652	2.2212267738587042e-26	0.0	3.502622353855093e-33	7.394710337393917e-06	1.3697419472584832e-20	2.540185607955939e-35	1.3744267945980937e-08
clips	clip-012	8	3359572	3360100.0	447.0	Speech	0.9930099248886108	0.9930099248886108	7.543651736341417e-05	0.0020923533011227846	0.008446145802736282	5.182651463542243e-08	2.45814979482617e-10	8.184149891121706e-08	7.077958434820175e-05	2.5016736344696255e-06	4.7370579681071945e-11	7.736613042652607e-06
clips	clip-013	0	3356992	3357967	0	Speech	0.8678743243217468	0.8678743243217468	0.005080895498394966	0.0016503194347023964	0.0031116073951125145	0.00015831799828447402	1.472396232715667e-10	6.9126340207503745e-09	2.1463934899657033e-05	0.00022077489120420069	1.132722626806526e-08	0.0022008793894201517
clips	clip-013	1	3357472	3358447	0	Speech	0.8633823394775391	0.8633823394775391	0.057214267551898956	0.007054863963276148	0.007058017887175083	0.0008360548526979983	2.747334981734184e-08	6.007424531162542e-07	0.00020347411918919533	0.0007170188473537564	1.1274130429228535e-07	0.0004676415410358459
clips	clip-013	2	3357952	3358927	0	Speech	0.8413927555084229	0.8413927555084229	0.08435111492872238	0.004275300540030003	0.011956213973462582	3.099263267358765e-05	1.6438780336969216e-09	1.5029909761210547e-08	0.0001329309743596241	0.00023236690321937203	4.446800261348471e-09	0.0008264068164862692
clips	clip-013	3	3358432	3359407	0	Speech	0.9443478584289551	0.9443478584289551	0.0055248793214559555	0.003862264333292842	0.009927070699632168	1.5104780004548957e-06	7.217897390887629e-09	3.1863450544733496e-07	7.158319203881547e-05	7.523134263465181e-05	9.272348222566507e-09	0.0004430750268511474
clips	clip-013	4	3358912	3359887	0	Speech	0.99687659740448	0.99687659740448	1.228592373081483e-05	0.0007520076469518244	0.009625012055039406	1.2392269155281355e-10	1.6726273582646963e-17	5.883167623855698e-14	3.1010815291665494e-05	2.0279344425944146e-08	2.9790795888105445e-14	3.936426310247043e-06
clips	clip-013	5	3359392	3360367	0	Speech	0.999772846698761	0.999772846698761	5.118894538932647e-15	1.5974526590412097e-08	0.0010185440769419074	2.53809348055909e-35	0.0	0.0	1.9470937786536524e-06	2.459067027150477e-27	0.0	7.760226489184063e-11
clips	clip-013	6	3359872	3360847	0	Speech	0.9880924224853516	0.9880924224853516	2.4953524189186282e-06	5.8908870414597914e-05	0.0016025288496166468	3.709822032904597e-11	1.6158555540014056e-18	1.275117469565993e-15	0.00039892183849588037	8.711151622264879e-08	9.924229339253014e-15	4.63672813566518e-06
clips	clip-013	7	3360352	3361327	0	Speech	0.9784961938858032	0.9784961938858032	2.452995249768719e-05	0.0001334298140136525	0.003197421319782734	4.0426051395314744e-10	3.2519122027298516e-19	1.64452537264342e-15	1.1726494449249003e-05	1.466189701204712e-06	1.1031465725706152e-13	1.6823600162751973e-05
clips	clip-013	8	3360832	3361807	0	Inside, small room	0.2565378248691559	0.009156391955912113	0.0016670533223077655	0.0005880799726583064	0.001032386440783739	0.002615400357171893	1.791062459233217e-05	5.212227551965043e-05	0.004358725622296333	0.05659804493188858	2.2946584067540243e-05	0.11618822813034058
clips	clip-013	9	3361312	3362287	0	Speech	0.9728110432624817	0.9728110432624817	0.09081148356199265	0.012728470377624035	0.025651633739471436	9.759505701367743e-06	1.1539893172984872e-11	9.314673476978896e-10	2.0044106349814683e-05	0.0001237926771864295	1.433057839062002e-10	0.0001044633609126322
clips	clip-013	10	3361792	3362612.0	155.0	Speech	0.8945383429527283	0.8945383429527283	0.053301118314266205	0.011215942911803722	0.011008813977241516	7.2657858254387975e-06	1.5572222764603794e-06	5.21680703968741e-05	8.736926247365773e-05	0.00032003154046833515	1.3768507445277578e-09	0.0001357143628410995
clips	clip-014	0	158840.0	159815.0	0	Music	0.9503664970397949	0.0006341233965940773	0.00011368228297214955	3.883507361024385e-06	8.783044904703274e-05	2.4245598861938333e-09	6.75533739190326e-13	6.887210853706582e-12	0.9503664970397949	7.31949342025473e-07	6.607598989445337e-14	0.00018460002320352942
clips	clip-014	1	159320.0	160295.0	0	Music	0.9415221214294434	0.0002653307165019214	7.57981397327967e-05	2.7626110750134103e-06	9.311769827036187e-05	1.7696781540177398e-10	8.29313505888718e-13	2.227263859455597e-11	0.9415221214294434	2.4148901502485387e-05	4.57202309865623e-13	0.00028612176538445055
clips	clip-014	2	159800.0	160775.0	0	Music	0.9682955145835876	0.00027342798421159387	3.452957753324881e-05	3.9268243767764943e-07	3.747413938981481e-05	1.3048153052822031e-12	3.8121547883468096e-14	4.572618325648925e-12	0.9682955145835876	7.054087518554297e-07	5.650089771047639e-13	9.49415989452973e-05
clips	clip-014	3	160280.0	161255.0	0	Music	0.9824998378753662	0.0008749865228310227	1.1008709407178685e-05	6.231899192243873e-07	0.00014538087998516858	4.5786163055394624e-11	1.6033521895147257e-13	4.71631154269625e-12	0.9824998378753662	2.671248182650743e-07	1.2364446489235292e-12	3.532561458996497e-05
clips	clip-014	4	160760.0	161735.0	0	Music	0.9738355875015259	0.0011270074173808098	3.494898192002438e-05	5.50670051779889e-07	0.00010746426414698362	1.4735199171944657e-10	4.277938951430943e-13	2.362026893520941e-11	0.9738355875015259	2.450427246003528e-06	6.454257701210553e-12	2.3625685571460053e-05
clips	clip-014	5	161240.0	162215.0	0	Music	0.7974811792373657	0.003073136555030942	0.0005589163047261536	5.429247539723292e-05	0.0008562342263758183	6.5203038523975465e-09	1.3838572066049437e-08	2.2251381892601785e-07	0.7974811792373657	3.042356183868833e-05	7.79023012764668e-10	0.00011438756337156519
clips	clip-014	6	161720.0	162695.0	0	Music	0.6777604222297668	0.008553912863135338	0.0003347780730109662	0.0005185940535739064	0.0011966668535023928	3.099503089742939e-07	1.9584051713650297e-08	7.587897812300071e-07	0.6777604222297668	0.00017594780365470797	5.235073485820863e-10	6.99040901963599e-05
clips	clip-014	7	162200.0	162980.0	195.0	Music	0.8264208436012268	0.003982939291745424	0.0006694453186355531	0.00011965036537731066	0.0005956743843853474	1.616797089809552e-05	4.522502550230456e-08	8.958975286077475e-07	0.8264208436012268	0.00010598496737657115	1.3102406659637467e-10	0.0005478794337250292
clips	clip-015	0	1191100.0	1192075.0	0	Babbling	0.3863380551338196	0.0480031855404377	0.05532214045524597	0.0020591169595718384	0.0002171129744965583	0.000759457761887461	0.007378111593425274	4.270452700438909e-05	0.0009552763076499104	0.11293990164995193	5.87017166253645e-06	0.0005005403072573245
clips	clip-015	1	1191580.0	1192555.0	0	Crying, sobbing	0.6982666254043579	0.029610978439450264	0.036973826587200165	0.0004525280382949859	0.00017795593885239214	1.5872547010076232e-07	0.02107611484825611	4.9240868975175545e-05	0.0004563565889839083	0.004621332976967096	1.6718376016910952e-08	7.491435098927468e-05
clips	clip-015	2	1192060.0	1193035.0	0	Laughter	0.6483272314071655	0.028513461351394653	0.024784602224826813	0.00035257640411145985	0.00010674769873730838	8.759018044202094e-08	0.009776405058801174	2.6557394448900595e-05	0.0013336780248209834	0.0034064578358083963	5.30541033327836e-09	0.00015935803821776062
clips	clip-015	3	1192540.0	1193515.0	0	Speech	0.712067723274231	0.712067723274231	0.029212506487965584	0.010814983397722244	0.001602805219590664	0.0005267496453598142	1.030710518534761e-05	1.6683861758792773e-05	0.0004987148568034172	0.0022582458332180977	1.1089929330410087e-06	0.000180443050339818
clips	clip-015	4	1193020.0	1193995.0	0	Speech	0.11413528025150299	0.11413528025150299	0.00016125940601341426	0.0008188392966985703	0.0010427633533254266	0.000254269310971722	1.5717718682140003e-08	2.2068242344630562e-07	0.004157500807195902	0.024387609213590622	1.3075838012355234e-07	0.00304890307597816
clips	clip-015	5	1193500.0	1194475.0	0	Laughter	0.3990565240383148	0.03862328454852104	0.009165537543594837	0.0002236004947917536	4.114050534553826e-05	2.9552988962677773e-06	0.0001522166858194396	4.4015268940711394e-07	0.00028878479497507215	0.013016157783567905	3.742983878396444e-08	3.276354254921898e-05
clips	clip-015	6	1193980.0	1194955.0	0	Babbling	0.3607500493526459	0.04399196431040764	0.027137713506817818	0.0001565170823596418	1.6386455172323622e-05	0.00013306958135217428	0.0121647072955966	8.740849807509221e-06	7.400732283713296e-05	0.10538690537214279	1.3587356129107775e-08	8.78209903021343e-05
clips	clip-015	7	1194460.0	1195435.0	0	Speech	0.12023956328630447	0.12023956328630447	0.0018568638479337096	7.875207666074857e-05	6.0918977396795526e-05	0.0313916839659214	1.42427070137785e-09	7.041002780816541e-10	2.5055840524146333e-05	0.003684016177430749	2.6293130866994474e-11	0.0007127384305931628
clips	clip-015	8	1194940.0	1195915.0	0	Breathing	0.6716561913490295	0.021990498527884483	0.0010940623469650745	9.195793973049149e-05	2.0465686247916892e-05	0.003067652927711606	0.004052788019180298	7.149069278966635e-05	0.0005549205234274268	0.6716561913490295	6.743129051756114e-05	0.0004576495266519487
clips	clip-015	9	1195420.0	1196395.0	0	Sneeze	0.805220365524292	0.029111679643392563	0.0006077210418879986	0.0001302083837799728	4.048829941893928e-05	0.025807730853557587	0.023775646463036537	0.0008115310338325799	0.001464960863813758	0.5098289251327515	5.2722061809618026e-05	0.002001009648665786
clips	clip-015	10	1195900.0	1196875.0	0	Speech	0.8468762040138245	0.8468762040138245	5.1285565859870985e-05	0.0025401990860700607	0.002730704378336668	1.9866668026224943e-06	4.965362222719705e-06	0.001098540611565113	0.000188235571840778	0.0024233206640928984	1.4146936400116772e-10	2.1933465177426115e-05
clips	clip-015	11	1196380.0	1197355.0	0	Speech	0.20105913281440735	0.20105913281440735	0.020331786945462227	0.0012158035533502698	7.63043572078459e-05	1.1359200470906217e-05	0.07860096544027328	0.0012325975112617016	0.0005852943868376315	0.009072522632777691	1.8399125778501002e-08	2.1099178411532193e-05
clips	clip-015	12	1196860.0	1197835.0	0	Breathing	0.3770546615123749	0.06106637045741081	0.008819346316158772	0.00052086659707129	9.896427945932373e-05	0.003952361643314362	0.3100728690624237	0.0038627800531685352	0.0012052790261805058	0.3770546615123749	0.011998954229056835	0.0010922275250777602
clips	clip-015	13	1197340.0	1198315.0	0	Breathing	0.40579354763031006	0.09984967112541199	0.004376107361167669	0.001300956355407834	0.0007477920153178275	0.003026676597073674	0.0004917685291729867	0.00022572475427296013	0.0016412358963862062	0.40579354763031006	0.03668287396430969	0.00710673350840807
clips	clip-015	14	1197820.0	1198795.0	0	Speech	0.8825746774673462	0.8825746774673462	0.016626030206680298	0.005222751758992672	0.02077137865126133	5.796644472866319e-06	2.2117818332390016e-07	3.922796622646274e-06	0.0003704007831402123	0.0021265833638608456	4.526782859670675e-08	0.0004501524963416159
clips	clip-015	15	1198300.0	1199000.0	275.0	Speech	0.25809910893440247	0.25809910893440247	0.0018412329955026507	0.0005944574950262904	0.0030758550856262445	3.942723196814768e-06	8.066481314017437e-06	0.00010927272523986176	0.0007084892713464797	0.0029147008899599314	2.967952241306193e-06	0.0006700357189401984
clips	clip-016	0	3005740.0	3006715.0	0	Speech	0.6567471027374268	0.6567471027374268	0.019863149151206017	0.0023141601122915745	0.000608860282227397	0.0013947057304903865	0.00020983224385417998	0.0004371222748886794	0.00034265912836417556	0.013644552789628506	7.715650696127341e-08	0.0002370304282521829
clips	clip-016	1	3006220.0	3007195.0	0	Whimper	0.6124483346939087	0.010401627980172634	0.0005607091588899493	3.152406134176999e-05	1.2187526408524718e-05	1.995191951209563e-06	0.5096471905708313	0.0933680459856987	0.0005113083752803504	0.38093289732933044	4.2455852167222474e-07	3.471361196716316e-05
clips	clip-016	2	3006700.0	3007675.0	0	Whimper	0.8404501080513	0.0029536564834415913	0.0001866646925918758	1.3259860679681879e-05	8.368298949790187e-06	5.580074230238097e-06	0.7306190729141235	0.2094387412071228	0.0012750615132972598	0.7018377780914307	4.2134565774176735e-06	0.00023706637148279697
clips	clip-016	3	3007180.0	3008155.0	0	Whimper	0.5369387269020081	0.04850638657808304	0.008001639507710934	3.6915767850587144e-05	2.7924103051191196e-05	9.743036377685144e-10	0.00022781988081987947	4.541186626738636e-06	0.0002579304273240268	0.0015213486040011048	2.7891635182020202e-11	3.988787739217514e-06
clips	clip-016	4	3007660.0	3008635.0	0	Crying, sobbing	0.6381558179855347	0.0175801832228899	0.00576602341607213	1.1237446415179875e-05	5.667979621648556e-06	9.664818945154252e-10	0.00021008227486163378	1.5514546021222486e-06	0.00022420848836190999	0.0015492935199290514	1.3202475224183274e-10	3.283856585767353e-06
clips	clip-016	5	3008140.0	3009115.0	0	Speech	0.1921917051076889	0.1921917051076889	0.046350713819265366	0.0007742650341242552	0.000195929707842879	3.0310849979287013e-05	0.0009885596809908748	1.0439385732752271e-05	0.00039849142194725573	0.011733095161616802	4.039380385734148e-08	9.263757965527475e-05
clips	clip-016	6	3008620.0	3009595.0	0	Whimper	0.4055175483226776	0.06163114309310913	0.004555380437523127	4.282822192180902e-05	8.103290383587591e-06	1.449124487074016e-09	0.0067134457640349865	0.00025378691498190165	0.00029157596873119473	0.0013271841453388333	3.029615669447594e-09	1.319147486356087e-06
clips	clip-016	7	3009100.0	3010075.0	0	Domestic animals, pets	0.41673147678375244	0.0166621170938015	0.0013500307686626911	0.00011209196236450225	2.3330456315306947e-05	5.3154099788343956e-08	0.0011031611356884241	0.0001495409378549084	0.0031693652272224426	0.005709331016987562	8.08973163657356e-06	0.00020369616686366498
clips	clip-016	8	3009580.0	3010555.0	0	Crying, sobbing	0.5718134641647339	0.016300534829497337	0.012270419858396053	4.650420123653021e-06	1.7871661839308217e-06	2.7772483748508825e-13	7.263758448061708e-07	1.879083777467372e-09	0.00039969501085579395	7.844174433557782e-06	1.6097203865000909e-12	2.315475171599246e-07
clips	clip-016	9	3010060.0	3011035.0	0	Dog	0.3117307126522064	0.04935410991311073	0.022093242034316063	4.545900083030574e-05	1.293842706218129e-05	1.7595465351405437e-07	0.0001069544450729154	5.53682696136093e-07	8.663593325763941e-05	0.0013789866352453828	1.168432027043309e-05	2.6903409889200702e-05
clips	clip-016	10	3010540.0	3011515.0	0	Animal	0.9358689785003662	0.0009296692442148924	0.0012373405043035746	2.0106685383325384e-07	2.928687763414928e-07	1.2948814763491523e-11	3.932965064734617e-09	7.370888899238537e-10	0.0015133288688957691	1.9621757019194774e-05	3.645067181423656e-08	5.480821073433617e-06
clips	clip-016	11	3011020.0	3011995.0	0	Domestic animals, pets	0.8857651352882385	0.0024856217205524445	0.0011338222539052367	3.24329562317871e-07	2.312304161478096e-07	1.2965447292179189e-11	5.9316011657983836e-08	3.674880399984204e-09	0.00023477268405258656	2.8069694963051006e-05	1.4369267553604459e-08	1.256720133824274e-05
clips	clip-016	12	3011500.0	3012475.0	0	Domestic animals, pets	0.4751896262168884	0.02338458225131035	0.0036254834849387407	3.980332985520363e-05	7.22643062545103e-06	1.240413354253178e-07	0.0008642919128760695	1.3256585589260794e-05	0.00021100693265907466	0.004691404290497303	8.669470844324678e-06	1.4881235983921215e-05
clips	clip-016	13	3011980.0	3012955.0	0	Animal	0.6551854610443115	0.0266954954713583	0.006263019051402807	2.689060966076795e-05	2.1186180674703792e-05	1.983668340699296e-08	2.0243271592335077e-07	1.0689704232902386e-08	9.671072621131316e-05	0.00026628331397660077	2.0363372641440947e-06	1.2499906915763859e-05
clips	clip-016	14	3012460.0	3013435.0	0	Speech	0.5768005847930908	0.5768005847930908	0.006218993570655584	0.0013249133480712771	0.0004217376699671149	0.0007225485751405358	3.4052457067446085e-06	1.8530212400946766e-05	0.00025496582384221256	0.021420521661639214	0.0005154277314431965	0.0006736635696142912
clips	clip-016	15	3012940.0	3013915.0	0	Speech	0.5182980298995972	0.5182980298995972	0.03443009406328201	0.0007839241879992187	2.9024897230556235e-05	4.515904947766103e-05	1.7929191926668864e-06	1.7508591554360464e-07	5.974122177576646e-05	0.0009318255470134318	1.5001705833128653e-07	1.4464402738667559e-05
clips	clip-016	16	3013420.0	3014000.0	395.0	Speech	0.8597924113273621	0.8597924113273621	0.005817861296236515	0.005234140437096357	0.0013860934413969517	1.346789940726012e-05	0.0002902239211834967	0.0006582422647625208	0.0018884212477132678	0.0009400580893270671	1.2218284837217652e-06	0.0002435865462757647
clips	clip-017	0	4106880.0	4107855.0	0	Speech	0.33565467596054077	0.33565467596054077	0.021981649100780487	0.001451144926249981	0.0007675457745790482	0.004425399471074343	5.958492010904592e-07	4.882935627392726e-06	0.0002783609088510275	0.0025704428553581238	0.000135461610625498	0.0007502213702537119
clips	clip-017	1	4107360.0	4108335.0	0	Chewing, mastication	0.32070666551589966	0.12845474481582642	0.020727194845676422	0.000625039916485548	0.0004283480520825833	0.012764413841068745	1.1177379910520813e-08	1.2839043961321295e-07	0.0002466633159201592	0.005294565111398697	8.536102882317209e-07	0.0010647227754816413
clips	clip-017	2	4107840.0	4108815.0	0	Speech	0.25932368636131287	0.25932368636131287	0.02701920084655285	0.000958313699811697	0.0002820762456394732	0.022194689139723778	3.532787013682537e-05	1.1738858120224904e-05	9.820891136769205e-05	0.01914352737367153	0.00043003674363717437	0.0010619927197694778
clips	clip-017	3	4108320.0	4109295.0	0	Inside, small room	0.15808506309986115	0.07415096461772919	0.01334720104932785	0.0001323646865785122	0.0001826584484660998	0.0014657974243164062	7.786224109906925e-09	6.599532298423583e-08	8.78856735653244e-05	0.006900036707520485	7.029949483694509e-05	0.00037641552626155317
clips	clip-017	4	4108800.0	4109775.0	0	Chewing, mastication	0.35282668471336365	0.07372460514307022	0.01097219530493021	2.6502746550249867e-05	6.219628994585946e-05	0.005259044002741575	7.246365174573555e-10	8.534502882184825e-08	1.2653185876843054e-05	0.0012391124619171023	1.978910177058424e-06	0.000588260474614799
clips	clip-017	5	4109280.0	4110255.0	0	Speech	0.14601916074752808	0.14601916074752808	0.015419396571815014	0.0002376586344325915	0.00045437616063281894	0.0001648702600505203	3.018019256728621e-08	9.47161026942922e-07	0.00040440974407829344	0.0027648922987282276	7.5511929935601074e-06	0.0010636805091053247
clips	clip-017	6	4109760.0	4110735.0	0	Speech	0.3370770812034607	0.3370770812034607	0.00901093240827322	0.0004898814368061721	0.0002525122545193881	0.005744552239775658	1.4679952982987743e-05	0.00013980219955556095	0.0006083440384827554	0.03790449723601341	7.0990550739225e-05	0.0016427735099568963
clips	clip-017	7	4110240.0	4110900.0	315.0	Gasp	0.5707753896713257	0.09778890013694763	0.0034210223238915205	0.0001852543791756034	0.00017354181909468025	0.0016171501483768225	0.08604378253221512	0.028183139860630035	0.0005366092082113028	0.17127685248851776	1.2186573030703585e-06	0.009349131025373936
clips	clip-018	0	5100140.0	5101115.0	0	Babbling	0.850115180015564	0.12860508263111115	0.1251116544008255	0.0004953090101480484	3.3228512620553374e-05	0.0001074395768227987	1.852406421676278e-05	3.632941414366542e-08	9.521359606878832e-05	0.003937600180506706	1.2261194837215328e-10	0.00022964438539929688
clips	clip-018	1	5100620.0	5101595.0	0	Babbling	0.5371497869491577	0.0894000306725502	0.08716559410095215	0.0003527562948875129	4.795612403540872e-05	4.563692357351101e-07	0.00014244380872696638	3.205800567229744e-07	4.7899266064632684e-05	0.00274005439132452	2.0344842347266856e-13	5.9778717513836455e-06
clips	clip-018	2	5101100.0	5102075.0	0	Laughter	0.1838618963956833	0.05695861205458641	0.031758278608322144	0.0002248320815851912	4.6382308937609196e-05	8.205912536141113e-07	0.0005852185422554612	2.123983904311899e-06	5.394971958594397e-05	0.003218730678781867	6.682240538680162e-09	8.201068339985795e-06
clips	clip-018	3	5101580.0	5102555.0	0	Babbling	0.641985297203064	0.07320445775985718	0.0512625016272068	0.000625898246653378	3.265455598011613e-05	0.00010168876906391233	0.10537036508321762	0.00047277985140681267	0.0001643588620936498	0.057315777987241745	2.0234898201465512e-09	1.8908838683273643e-05
clips	clip-018	4	5102060.0	5103035.0	0	Crying, sobbing	0.6982405185699463	0.0856495201587677	0.03254120796918869	0.00026975705986842513	5.723800859414041e-05	1.3957442206447013e-06	0.0011462937109172344	2.9499572065105895e-06	0.00016232635243795812	0.018054425716400146	3.5087779036435673e-12	1.3559295439335983e-05
clips	clip-018	5	5102540.0	5103515.0	0	Speech	0.9419307708740234	0.9419307708740234	0.0036966060288250446	0.0008002196555025876	0.0004911532159894705	9.331868204753846e-05	9.57352995101246e-07	0.00012074632104486227	9.578430763212964e-06	0.0004587353323586285	1.7308289557149692e-07	2.8631848181248643e-05
clips	clip-018	6	5103020.0	5103995.0	0	Crying, sobbing	0.8139978647232056	0.0011401446536183357	0.00016813942056614906	7.588239725464518e-08	2.5374870915584324e-07	3.2933260382089877e-16	8.830451925234684e-10	5.930905211393167e-10	0.00015530486416537315	2.1101668323808553e-07	9.559086988218841e-15	1.7823566622610088e-07
clips	clip-018	7	5103500.0	5104475.0	0	Animal	0.8668546676635742	0.0015941625460982323	0.0032517092768102884	3.3192843602591893e-06	1.0403221040178323e-06	3.717237975764398e-11	7.089859366260498e-08	1.0531906902144783e-08	0.0004195988876745105	1.1925591934414115e-05	2.2617825667925473e-10	4.0338639450965275e-07
clips	clip-018	8	5103980.0	5104955.0	0	Speech	0.2703164517879486	0.2703164517879486	0.02889966405928135	0.002327927388250828	0.003159678541123867	0.00010475103044882417	8.609249562141486e-07	6.214367544998822e-07	0.00034859764855355024	0.0006664079264737666	7.189554196429526e-08	0.00027298799250274897
clips	clip-018	9	5104460.0	5105435.0	0	Inside, small room	0.260190486907959	0.014229319989681244	0.006483488716185093	0.0025905631482601166	0.003017744515091181	0.03742948919534683	0.00015646874089725316	0.00034690549364313483	0.00250810943543911	0.05631735920906067	8.971303759608418e-05	0.2434207648038864
clips	clip-018	10	5104940.0	5105915.0	0	Babbling	0.19932907819747925	0.12036378681659698	0.10252467542886734	0.0010373538825660944	0.00010793186083901674	4.906747221866681e-07	1.338702418252069e-06	1.447212838456835e-07	3.1090083211893216e-05	0.00037510160473175347	1.1205074368358936e-10	2.522332579246722e-05
clips	clip-018	11	5105420.0	5106395.0	0	Babbling	0.6670482158660889	0.03358239680528641	0.030948439612984657	5.5972868722165003e-05	7.847706001484767e-06	1.6422857243014732e-06	0.005019552540034056	1.846552186179906e-05	9.924126061378047e-05	0.006252638064324856	1.878856098480597e-11	1.9402634279686026e-05
clips	clip-018	12	5105900.0	5106875.0	0	Crying, sobbing	0.25043582916259766	0.11736826598644257	0.07866571843624115	0.0003654316533356905	0.00010426351218484342	1.183376934932312e-05	0.0008066926384344697	6.239359663595678e-06	0.00019641641119960696	0.017158396542072296	4.643304851725816e-09	8.360911306226626e-05
clips	clip-018	13	5106380.0	5107355.0	0	Breathing	0.550825834274292	0.061982084065675735	0.0008890383178368211	0.00011465861462056637	0.0001208837638841942	6.802665302529931e-05	1.9065239484916674e-06	1.635706780689361e-06	0.0003403162700124085	0.550825834274292	2.334278542548418e-05	0.001017615431919694
clips	clip-018	14	5106860.0	5107835.0	0	Domestic animals, pets	0.3874669075012207	0.11564021557569504	0.012621904723346233	5.661945033352822e-05	6.535510328831151e-05	1.1304415892254838e-07	1.2815507943741977e-07	6.341705329759861e-07	8.776273170951754e-05	0.00021893314260523766	1.7181694289547522e-08	2.9508677471312694e-05
clips	clip-018	15	5107340.0	5108315.0	0	Wheeze	0.23853658139705658	0.08889047056436539	0.038757581263780594	0.00018213794101029634	5.110634083393961e-05	0.0008600942092016339	0.06222337856888771	0.002629636088386178	0.00029451202135533094	0.15226003527641296	0.00023571831115987152	0.0009778003441169858
clips	clip-018	16	5107820.0	5108795.0	0	Breathing	0.537980318069458	0.03641074150800705	0.0011948972241953015	0.00024121440947055817	0.00012919213622808456	1.297497783525614e-05	0.0002231793914688751	0.000283176195807755	0.001483109430409968	0.537980318069458	0.0001604515709914267	0.0006403432926163077
clips	clip-018	17	5108300.0	5109275.0	0	Sneeze	0.5923360586166382	0.025567539036273956	0.006363184191286564	0.00026177713880315423	9.63146158028394e-05	0.06401773542165756	0.030756935477256775	0.0017757539171725512	0.00035711651435121894	0.29126760363578796	0.0001746926864143461	0.004764363635331392
clips	clip-018	18	5108780.0	5109755.0	0	Sneeze	0.4260173439979553	0.027507063001394272	0.011203605681657791	5.023202538723126e-05	7.467426712537417e-06	0.0007344643818214536	0.003658457426354289	7.195701618911698e-05	6.860613211756572e-05	0.11308832466602325	1.259672544051682e-08	2.521473834349308e-05
clips	clip-018	19	5109260.0	5110235.0	0	Gasp	0.7652682065963745	0.016096582636237144	0.0028214859776198864	7.015450682956725e-05	1.0713579285948072e-05	0.002714691450819373	0.04486451670527458	0.0008245731587521732	0.0022923233918845654	0.7378897070884705	1.3077501535008196e-06	0.001154985511675477
clips	clip-018	20	5109740.0	5110715.0	0	Breathing	0.7600020170211792	0.005522920284420252	0.0006183582590892911	9.863685590971727e-06	1.4476480600933428e-06	3.672721049952088e-06	0.0025994135066866875	1.5855563106015325e-05	5.1707258535316214e-05	0.7600020170211792	5.045155848648619e-09	6.266655691433698e-05
clips	clip-018	21	5110220.0	5111195.0	0	Breathing	0.198045551776886	0.052491262555122375	0.005814307369291782	0.0006652333540841937	0.00029521933174692094	2.874310439437977e-06	5.038064409745857e-05	8.169344255293254e-06	0.0004569987067952752	0.198045551776886	2.4998955683308566e-10	0.00013804936315864325
clips	clip-018	22	5110700.0	5111675.0	0	Crying, sobbing	0.7805929183959961	0.0032825362868607044	0.0032161094713956118	7.056340109556913e-06	4.4845356228506716e-07	7.627860441061785e-07	0.002667415188625455	1.4120003015705151e-06	0.00018335664935875684	0.18614940345287323	3.9131307971729257e-08	5.220175808062777e-06
clips	clip-018	23	5111180.0	5112140.0	15.0	Crying, sobbing	0.7697046995162964	0.0036241798661649227	0.0023836959153413773	8.934258403314743e-06	1.6450397879452794e-06	7.258329901560501e-07	0.001960253342986107	6.773719178454485e-06	0.00012181153579149395	0.3454870879650116	6.088724663344536e-11	3.0237373721320182e-05
clips	clip-019	0	6105980.0	6106955.0	0	Crying, sobbing	0.7290367484092712	0.07190436869859695	0.10141229629516602	1.8610135157359764e-05	5.9888902796956245e-06	3.2857202202085656e-13	1.6102092104119947e-06	4.9579558236700905e-09	8.488783350912854e-05	1.2351633813523222e-06	2.044021527133655e-17	4.354755560598278e-07
clips	clip-019	1	6106460.0	6107435.0	0	Crying, sobbing	0.8044970035552979	0.10408048331737518	0.12038326263427734	1.3495735402102582e-05	1.2862189578299876e-05	9.206398393201559e-14	8.980012466963672e-08	1.3198857562457533e-09	0.00029241055017337203	2.689879181616561e-07	3.307109117145387e-17	1.5365092167485273e-06
clips	clip-019	2	6106940.0	6107915.0	0	Crying, sobbing	0.7277796268463135	0.06712312251329422	0.033698685467243195	4.401298065204173e-05	6.020602995704394e-06	4.606607983959066e-09	0.008620855398476124	8.639634870633017e-06	8.998207340482622e-05	0.0010852540144696832	3.937740324783112e-12	9.096318535739556e-06
clips	clip-019	3	6107420.0	6108395.0	0	Crying, sobbing	0.5080894231796265	0.04633386805653572	0.007031204178929329	3.3044128940673545e-05	1.3530748219636735e-05	3.738194642721737e-09	0.0022658242378383875	1.2548434824566357e-05	0.000147966668009758	0.004051300697028637	5.672374236986855e-10	1.1483543858048506e-05
clips	clip-019	4	6107900.0	6108875.0	0	Crying, sobbing	0.8526063561439514	0.013095078989863396	0.002439251635223627	2.1711721274186857e-06	7.586862693642615e-07	3.018449476911017e-13	7.70033057051478e-06	3.545320481634917e-08	0.00018609034304972738	3.29386348312255e-05	1.9123362900272563e-14	2.199260649149437e-07
clips	clip-019	5	6108380.0	6109355.0	0	Crying, sobbing	0.2570302188396454	0.10939754545688629	0.011524195782840252	7.600319077027962e-05	1.626600896997843e-05	3.265782755335067e-09	0.0005779719213023782	3.869430656777695e-06	0.00018069252837449312	0.0008387346169911325	4.066799848267966e-12	4.637855909095379e-06
clips	clip-019	6	6108860.0	6109835.0	0	Speech	0.5623087882995605	0.5623087882995605	0.08925417810678482	0.0006497044814750552	8.090180926956236e-05	5.0569784804110895e-08	1.777615494802376e-07	3.746053245379244e-09	4.519532740232535e-05	7.134249608498067e-05	6.128419993700618e-11	3.3172464100061916e-06
clips	clip-019	7	6109340.0	6110315.0	0	Speech	0.18499092757701874	0.18499092757701874	0.06613613665103912	0.00037253808113746345	3.794160875258967e-05	1.2646260984183755e-05	8.288082426588517e-06	6.030229116049668e-08	0.00014799388009123504	0.0027131102979183197	3.27386516119077e-07	0.0001582223194418475
clips	clip-019	8	6109820.0	6110795.0	0	Laughter	0.47359105944633484	0.0754246637225151	0.019549569115042686	0.0003006940532941371	7.636942609678954e-05	2.559207359809079e-06	0.0003498774312902242	5.812315066577867e-06	0.0003780739498324692	0.008241107687354088	2.862683913917863e-06	6.069173468858935e-05
clips	clip-019	9	6110300.0	6111275.0	0	Speech	0.19677244126796722	0.19677244126796722	0.0003403839364182204	0.00023901526583358645	5.562227306654677e-05	5.361332659958862e-05	4.3751324341201325e-08	9.378073428933931e-08	0.00038590963231399655	0.0012809114996343851	0.00020078827219549567	4.834158607991412e-05
clips	clip-019	10	6110780.0	6111755.0	0	Speech	0.4110552668571472	0.4110552668571472	0.010575287975370884	0.004909795243293047	0.0006417937693186104	0.002484707860276103	1.1975533197983168e-05	1.4797027461099788e-06	0.00019201116811018437	0.005633469671010971	6.937361467862502e-05	0.00037294422509148717
clips	clip-019	11	6111260.0	6112235.0	0	Speech	0.7389392852783203	0.7389392852783203	0.017935089766979218	0.009792139753699303	0.0011749985860660672	0.0007824635831639171	4.133086622459814e-05	1.1222045941394754e-05	0.000399066018871963	0.003487957175821066	9.617339856049512e-06	0.0003572650020942092
clips	clip-019	12	6111740.0	6112715.0	0	Speech	0.772491455078125	0.772491455078125	0.08096373826265335	0.0047361175529658794	0.00030834635253995657	2.5731666028150357e-05	7.588239725464518e-08	4.553764476611377e-09	2.6116613298654556e-05	0.000704586913343519	2.083272399033831e-08	2.0043533368152566e-05
clips	clip-019	13	6112220.0	6113195.0	0	Crying, sobbing	0.6019489765167236	0.03624996542930603	0.05252069607377052	2.890363975893706e-05	2.8952354114153422e-06	9.71177782291277e-13	2.845674771378981e-07	8.115555449883516e-11	0.00023218333080876619	7.890609595051501e-06	2.7439750910915675e-14	1.4317461136670318e-06
clips	clip-019	14	6112700.0	6113675.0	0	Crying, sobbing	0.933036208152771	0.01632588729262352	0.006871651392430067	4.30531599704409e-06	1.2868370049545774e-06	1.0502738002210465e-12	1.2420305210980587e-05	1.0226001023738718e-07	0.0005516801029443741	1.828367203415837e-05	3.0690489212503724e-13	2.9023758543189615e-06
clips	clip-019	15	6113180.0	6114000.0	155.0	Crying, sobbing	0.8430757522583008	0.0798054188489914	0.004093433730304241	5.234847776591778e-06	1.1473494851088617e-05	2.885996766544517e-14	8.34112483971694e-07	5.643097438223776e-07	0.002251080237329006	1.3831469232172822e-06	3.1364383204328383e-14	7.126959189918125e-06
clips	clip-020	0	6856220.0	6857195.0	0	Speech	0.6120636463165283	0.6120636463165283	0.0036211779806762934	0.0017472616164013743	0.0005078030517324805	4.631468982552178e-06	3.5630520756058104e-07	1.8807327251124661e-07	2.25444800889818e-05	0.0016060484340414405	9.847911996985204e-07	5.790792056359351e-05
clips	clip-020	1	6856700.0	6857675.0	0	Speech	0.8954775333404541	0.8954775333404541	0.002410902874544263	0.04662260040640831	0.0077271610498428345	7.079420925037994e-07	1.1719692771805512e-08	7.981583394212066e-08	0.00029905844712629914	0.0006246417760848999	2.259219655798006e-08	2.9798538889735937e-05
clips	clip-020	2	6857180.0	6858155.0	0	Speech	0.9889781475067139	0.9889781475067139	0.000767563353292644	0.011541906744241714	0.003812534036114812	7.382826794355424e-08	2.2455524106845814e-09	4.0463280726044104e-08	3.186229514540173e-05	7.33017222955823e-05	3.797936964922144e-10	3.1365759696200257e-06
clips	clip-020	3	6857660.0	6858635.0	0	Speech	0.8125004172325134	0.8125004172325134	0.008595569059252739	0.00918895099312067	0.0016704280860722065	2.436499471514253e-06	9.970916835300159e-06	1.8852573703043163e-05	0.001151245553046465	0.001794680138118565	3.660974812191853e-07	7.374434972007293e-06
clips	clip-020	4	6858140.0	6859115.0	0	Speech	0.6491206884384155	0.6491206884384155	0.03938888758420944	0.014169808477163315	0.0015275838086381555	6.222322554094717e-05	8.149759196385276e-06	1.003577722258342e-06	0.002233839360997081	0.004429033491760492	6.134153522907582e-07	9.47674925555475e-05
clips	clip-020	5	6858620.0	6859595.0	0	Speech	0.9242793321609497	0.9242793321609497	0.00562598230317235	0.00865150336176157	0.0016419179737567902	3.250319423386827e-06	1.2255055708010332e-06	1.936966555149411e-06	0.0008923816494643688	0.00020751749980263412	3.73212678539403e-08	2.584678804851137e-05
clips	clip-020	6	6859100.0	6860075.0	0	Speech	0.25189918279647827	0.25189918279647827	0.0042400062084198	0.001659018686041236	0.0003816908865701407	0.00020407720876391977	0.0012112741824239492	0.00015704508405178785	0.0003776334342546761	0.017805397510528564	8.626936391920026e-07	0.0007162109832279384
clips	clip-020	7	6859580.0	6860555.0	0	Speech	0.39821040630340576	0.39821040630340576	0.025468986481428146	0.003398034255951643	0.00048778735799714923	4.538450411928352e-06	4.03227677452378e-05	1.7449609003961086e-05	0.0009019454591907561	0.00490043917670846	1.7927003455042723e-06	0.0005051507032476366
clips	clip-020	8	6860060.0	6861035.0	0	Speech	0.053739678114652634	0.053739678114652634	0.0021224075462669134	0.0010992120951414108	0.0010845651850104332	2.686817651920137e-06	2.9891398298786953e-06	2.1614376237266697e-05	0.04861880838871002	0.005486590787768364	2.3540681581835088e-07	0.0007369140512309968
clips	clip-020	9	6860540.0	6861515.0	0	Speech	0.5042816400527954	0.5042816400527954	0.006686462555080652	0.0034991493448615074	0.011225994676351547	2.899133960454492e-06	8.072345281107118e-07	7.455927516275551e-06	0.0007615758804604411	0.0002797819615807384	1.6802233215873486e-11	0.00031706292065791786
clips	clip-020	10	6861020.0	6861995.0	0	Speech	0.9747160077095032	0.9747160077095032	1.4089671822148375e-05	0.000146900478284806	0.008428712375462055	1.4384572914112625e-15	1.6548979029570953e-21	8.465320066753382e-17	8.840864211379085e-06	6.0772963050848e-11	1.188228289190106e-21	1.651582238082483e-06
clips	clip-020	11	6861500.0	6862475.0	0	Speech	0.250497430562973	0.250497430562973	0.010348722338676453	0.0032756931614130735	0.003541274694725871	9.913353551382897e-07	2.5635843030613614e-06	2.4984074116218835e-06	0.00030071468790993094	0.01091465912759304	1.885475242602297e-08	0.00015262476517818868
clips	clip-020	12	6861980.0	6862580.0	375.0	Speech	0.25076696276664734	0.25076696276664734	0.0060951062478125095	0.000971929810475558	0.0016588662983849645	0.0003642666561063379	0.0003094961284659803	0.0013915542513132095	0.003239294746890664	0.01943949982523918	1.4009467122377828e-05	0.0009666047408245504
clips	clip-021	0	8085980.0	8086955.0	0	Animal	0.1845034956932068	0.12128058820962906	0.013284401968121529	0.0017672214889898896	0.0008149538771249354	2.164594405940079e-07	0.01392336469143629	0.00608841422945261	0.00038750917883589864	0.0034239839296787977	6.145360771370179e-07	3.483508771751076e-05
clips	clip-021	1	8086460.0	8087435.0	0	Inside, small room	0.1759311705827713	0.11683764308691025	0.009566937573254108	0.00045785808470100164	0.0001996447826968506	1.3144444892532192e-06	0.021029356867074966	0.006910585332661867	0.0006130046676844358	0.0026146925520151854	4.820693106921681e-07	3.481725070741959e-05
clips	clip-021	2	8086940.0	8087915.0	0	Crying, sobbing	0.24391020834445953	0.1865198314189911	0.04233875870704651	4.8034435167210177e-05	3.957302396884188e-05	1.6793247903379438e-09	0.00011926648585358635	9.277256140194368e-06	2.645877975737676e-05	3.0518058338202536e-05	4.818516072258028e-11	1.3961675904283766e-06
clips	clip-021	3	8087420.0	8088395.0	0	Crying, sobbing	0.5572845935821533	0.02522379159927368	0.011423422023653984	0.00012285285629332066	0.00017642523744143546	2.1426464769103148e-10	0.00020652679086197168	1.7487991499365307e-05	0.0021996984723955393	2.5745068342075683e-05	3.0189108591455183e-12	5.684044936060673e-06
clips	clip-021	4	8087900.0	8088875.0	0	Yodeling	0.4576494097709656	0.013071920722723007	0.00717422878369689	0.00047739583533257246	0.0009859725832939148	2.5422955407528036e-11	2.919464895967394e-05	1.9208968296879902e-05	0.012811398133635521	8.30232465887093e-07	2.9185098348455396e-12	1.119676380767487e-05
clips	clip-021	5	8088380.0	8089355.0	0	Inside, small room	0.08120764791965485	0.026585089042782784	0.004625024273991585	0.00025574196479283273	0.00047971776803024113	7.036658582204591e-12	2.516935819585342e-05	0.00019449279352556914	0.005010512657463551	1.080321567314968e-06	1.4608235140208675e-14	1.749089392433234e-06
clips	clip-021	6	8088860.0	8089835.0	0	Crying, sobbing	0.3553047180175781	0.09759099781513214	0.06144845858216286	0.00032638508128002286	0.00016482545470353216	1.6179550357264816e-06	0.0032934769988059998	2.794608190015424e-05	0.00018560410535428673	0.001417368184775114	1.8580881278040806e-09	6.651577859884128e-05
clips	clip-021	7	8089340.0	8090315.0	0	Cough	0.43971318006515503	0.34174296259880066	0.028929173946380615	0.003231980372220278	0.00032661791192367673	1.1806039765360765e-05	0.0001217023964272812	7.711176294833422e-05	0.00012795801740139723	0.002722438657656312	2.7145674597051084e-11	1.773672192939557e-05
clips	clip-021	8	8089820.0	8090795.0	0	Speech	0.3610209822654724	0.3610209822654724	0.017161395400762558	0.0021046532783657312	0.0002857899817172438	4.990829256712459e-05	6.744885467924178e-06	1.612110463611316e-05	9.508629591437057e-05	0.0002931670460384339	2.3410952199715528e-14	1.385835639666766e-05
clips	clip-021	9	8090300.0	8091275.0	0	Mantra	0.1429024338722229	0.03770064935088158	0.002626982517540455	0.0013718949630856514	0.0019838192965835333	4.851548283113516e-07	0.0004279676068108529	0.005007240921258926	0.008083263412117958	0.0005193704273551702	4.721811049795965e-12	6.886885239509866e-05
clips	clip-021	10	8090780.0	8091755.0	0	Crying, sobbing	0.34279000759124756	0.07934761792421341	0.01339790876954794	0.0002332768344786018	0.00010707792534958571	3.9249638206229065e-08	0.003588080173358321	0.00036746184923686087	0.0005203245091252029	0.0008822001982480288	5.6670727138774524e-11	1.0688000884329085e-06
clips	clip-021	11	8091260.0	8092235.0	0	Whimper	0.8073621988296509	0.05013662949204445	0.0046313111670315266	0.0002372694289078936	7.077721966197714e-05	3.5130287567852747e-09	0.08967114239931107	0.003125915303826332	0.00020619113638531417	0.002145980019122362	1.2565099785297185e-12	1.330470240645809e-06
clips	clip-021	12	8091740.0	8092715.0	0	Crying, sobbing	0.3934868574142456	0.010871867649257183	0.005655000451952219	3.541020123520866e-05	2.9268833259266103e-06	1.9760078295849581e-10	8.619687287136912e-05	2.0675771850164892e-07	0.0001358525041723624	0.00015412643551826477	9.326117352340124e-15	8.055557145780767e-07
clips	clip-021	13	8092220.0	8093195.0	0	Whimper	0.43009158968925476	0.06927837431430817	0.0024670008569955826	0.00152016116771847	0.0004400702309794724	4.336129222792806e-06	0.03952426463365555	0.0301621463149786	0.002859041327610612	0.028539245948195457	4.726792290909998e-09	1.581106334924698e-05
clips	clip-021	14	8092700.0	8093320.0	355.0	Cough	0.4423280358314514	0.02653159387409687	0.0048477137461304665	0.00016184292326215655	8.334276208188385e-05	1.8711856682784855e-05	0.008809676393866539	0.0004913596785627306	0.00021287758136168122	0.08608989417552948	8.815231211656283e-08	5.774926830781624e-05
clips	clip-022	0	9224660.0	9225635.0	0	Speech	0.5577161312103271	0.5577161312103271	0.019042983651161194	0.0011704190401360393	0.00035754323471337557	1.8969270598745425e-09	3.2908540106291184e-06	2.8800479867641116e-07	7.98634864622727e-05	0.0001398403401253745	1.0345121460864082e-11	5.897734354221029e-06
clips	clip-022	1	9225140.0	9226115.0	0	Speech	0.8446327447891235	0.8446327447891235	0.007569714915007353	0.0028283295687288046	0.0010666282614693046	1.7347254743782514e-09	1.1592202326937695e-06	1.8427665509079816e-06	3.8883659726707265e-05	4.7999725211411715e-05	4.085599046577126e-12	3.591477252484765e-06
clips	clip-022	2	9225620.0	9226595.0	0	Speech	0.529343843460083	0.529343843460083	0.0848940908908844	0.0009253263124264777	0.00012383637658786029	5.40474611625541e-05	9.871451766230166e-05	1.5313788708226639e-06	0.00019209245510865003	0.003275179537013173	5.3325003079862654e-08	9.652682638261467e-05
clips	clip-022	3	9226100.0	9227075.0	0	Speech	0.41684362292289734	0.41684362292289734	0.01016990840435028	0.0004906723625026643	0.00031341411522589624	1.5596831872244366e-05	6.286636988761529e-08	1.3242177487882145e-07	0.00018832030764315277	0.0012196952011436224	0.00011257152073085308	0.0001728459174046293
clips	clip-022	4	9226580.0	9227555.0	0	Breathing	0.15082070231437683	0.08231694251298904	0.002610520226880908	0.0007202074048109353	0.00017084949649870396	2.6030436401924817e-06	4.950123638991499e-06	6.921324597897183e-07	4.8150697693927214e-05	0.15082070231437683	0.001731012831442058	0.0012403386645019054
clips	clip-022	5	9227060.0	9228035.0	0	Laughter	0.5217891931533813	0.1023024395108223	0.04851990193128586	0.00027973289252258837	0.00010195053619099781	1.3716844478040002e-06	1.774313886926393e-06	1.1867570037793485e-08	3.453474710113369e-05	0.010449672117829323	1.409990915135495e-07	0.00010504021338419989
clips	clip-022	6	9227540.0	9228515.0	0	Laughter	0.32468217611312866	0.06670421361923218	0.025433385744690895	0.0001680520799709484	7.142085087252781e-05	5.154338822421778e-08	8.2297983681201e-06	1.1671390609535592e-07	0.0001491015573265031	0.0039038779214024544	8.674314738721378e-11	1.4393591300176922e-05
clips	clip-022	7	9228020.0	9228995.0	0	Crying, sobbing	0.5403503179550171	0.014017820358276367	0.018893470987677574	0.00020434123871382326	5.326308382791467e-05	1.0340273775000242e-06	0.00805556122213602	7.5078792178828735e-06	6.004713213769719e-05	0.04836103320121765	1.0895905511176807e-08	3.5069439036305994e-05
clips	clip-022	8	9228500.0	9229475.0	0	Crying, sobbing	0.9388431310653687	0.013678394258022308	0.009823852218687534	1.1209755939489696e-05	4.173982688371325e-06	2.3729039566600107e-12	0.00027036695973947644	3.522703764247126e-07	0.0005164051544852555	1.7690099411993288e-05	2.3971842170794275e-14	4.719862317870138e-06
clips	clip-022	9	9228980.0	9229955.0	0	Speech	0.2806796133518219	0.2806796133518219	0.0038733244873583317	0.0004350978706497699	0.0009009967907331884	4.821644750130361e-10	0.0008660449529998004	0.0007172460900619626	0.0006671046721749008	8.461184188490734e-05	1.4552199723016912e-10	5.2677933126688004e-05
clips	clip-022	10	9229460.0	9230435.0	0	Dog	0.8360573649406433	0.03747746720910072	0.002574476646259427	6.755363574484363e-05	7.505749817937613e-05	6.359707871439468e-09	2.5409113391106075e-07	9.432713454771147e-07	0.00016604307165835053	0.00021996343275532126	6.387684265973803e-07	5.3562739594781306e-06
clips	clip-022	11	9229940.0	9230915.0	0	Domestic animals, pets	0.674025297164917	0.014630036428570747	0.0025813907850533724	4.116848867852241e-05	6.654059689026326e-06	1.5853104287089081e-06	0.0003822210419457406	6.398509140126407e-05	0.00015819258987903595	0.02755684405565262	0.0006112613482400775	5.847337524755858e-05
clips	clip-022	12	9230420.0	9231395.0	0	Crying, sobbing	0.7596231698989868	0.027045072987675667	0.034958917647600174	0.0009493812685832381	0.00036472739884629846	5.385231105492494e-08	0.0005104743759147823	6.745239261363167e-06	0.004580483306199312	0.0013906551757827401	2.617483119138342e-08	0.0002581446897238493
clips	clip-022	13	9230900.0	9231875.0	0	Crying, sobbing	0.843599796295166	0.03355642035603523	0.007722340524196625	0.0002066447923425585	0.00019135611364617944	1.295353962982304e-10	0.0016170446760952473	9.155684529105201e-05	0.012764083221554756	0.000119126467325259	1.2221922085497994e-10	1.4284550161391962e-05
clips	clip-022	14	9231380.0	9232355.0	0	Laughter	0.2761009633541107	0.034081872552633286	0.002207254059612751	8.820353832561523e-05	7.086541882017627e-05	1.7468870794346003e-10	2.892192485504097e-09	1.545437944283634e-10	0.0002617973950691521	4.038071710965596e-05	2.805175536302329e-10	7.271282811416313e-06
clips	clip-022	15	9231860.0	9232835.0	0	Laughter	0.24634899199008942	0.071306511759758	0.013226642273366451	0.00037907023215666413	9.235717152478173e-05	2.388430175415124e-06	0.00011314436414977536	2.2096446627983823e-06	0.00010656534868758172	0.026376288384199142	1.635440276004374e-05	3.619642666308209e-05
clips	clip-022	16	9232340.0	9233315.0	0	Whimper	0.33473753929138184	0.09464635699987411	0.013024277053773403	0.00046478110016323626	0.00012778757081832737	2.5713685317896307e-05	0.07961543649435043	0.0027083950117230415	0.000126123646623455	0.10406811535358429	9.959682856219843e-09	8.183133468264714e-05
clips	clip-022	17	9232820.0	9233795.0	0	Laughter	0.371698260307312	0.11669360846281052	0.05778079107403755	0.00012465336476452649	1.532441092422232e-05	5.04111312693567e-07	0.0003762243431992829	6.277495003814693e-07	0.00018547354557085782	0.001410102704539895	2.9550031754865813e-08	5.844699444423895e-06
clips	clip-022	18	9233300.0	9234240.0	35.0	Speech	0.3897593915462494	0.3897593915462494	0.0034997062757611275	0.0015999958850443363	0.000775681808590889	0.0005695196450687945	0.0028855695854872465	0.0019228359451517463	0.0004074410244356841	0.054789043962955475	2.0622461306629702e-05	0.0003091183607466519
clips	clip-023	0	9645880.0	9646855.0	0	Domestic animals, pets	0.899114727973938	0.003147739451378584	0.00019021880871150643	1.5103704754437786e-05	5.087045337859308e-06	6.643082893671715e-14	7.724205630665892e-08	1.468568342488652e-07	0.003876933827996254	2.804670884870575e-06	7.435680543510514e-12	4.603430738825409e-07
clips	clip-023	1	9646360.0	9647335.0	0	Crying, sobbing	0.6295500993728638	0.02861851081252098	0.0022817670833319426	4.213488500681706e-05	4.185403304290958e-05	2.9768913029082356e-11	0.0005160282598808408	0.00010991806630045176	0.0033595189452171326	4.2305309762014076e-05	1.145317951589675e-09	8.492406777804717e-06
clips	clip-023	2	9646840.0	9647815.0	0	Domestic animals, pets	0.32129690051078796	0.017063604667782784	0.0006382397841662169	0.00016334818792529404	5.719528053305112e-05	4.842131695603769e-10	1.3500923159881495e-05	8.214635454351082e-05	0.005441410932689905	7.948860729811713e-05	3.794499825460207e-09	8.755316230235621e-06
clips	clip-023	3	9647320.0	9648295.0	0	Domestic animals, pets	0.7032144069671631	0.0040893941186368465	0.0005000467062927783	5.577163028647192e-05	3.907607151631964e-06	1.008662380286296e-07	1.4574663509847596e-05	9.557466000842396e-07	0.0004540213558357209	0.01955229975283146	6.3216962189471815e-06	1.7623198800720274e-05
clips	clip-023	4	9647800.0	9648775.0	0	Babbling	0.6887489557266235	0.04227219521999359	0.06992784887552261	0.0003525975625962019	5.04960808029864e-05	1.225537857862946e-07	1.1507981980685145e-06	3.243700030797214e-10	3.607841790653765e-06	0.0006105783395469189	2.225241258618782e-12	1.9869321477017365e-06
clips	clip-023	5	9648280.0	9649255.0	0	Inside, small room	0.16401654481887817	0.0449424609541893	0.10510002076625824	8.482972043566406e-05	8.359565072169062e-06	2.7192861296043702e-09	2.7826245059259236e-06	2.7214497322347597e-09	1.1456492757133674e-05	1.7387583284289576e-05	2.559586129930114e-16	6.10659242283873e-07
clips	clip-023	6	9648760.0	9649735.0	0	Whimper	0.4983709156513214	0.0584457628428936	0.004726415034383535	0.0003134257858619094	0.0005763117223978043	3.141249393934231e-08	0.006483094766736031	0.007817949168384075	0.0021552557591348886	0.0023833331651985645	4.63762028779513e-10	1.2045929906889796e-05
clips	clip-023	7	9649240.0	9650215.0	0	Rub	0.18237030506134033	0.024157386273145676	0.0005716255400329828	0.0003670760488603264	0.0005509002949111164	3.365223165019415e-05	0.00033271402935497463	0.0014501047553494573	0.0013978526694700122	0.15436838567256927	0.04056863859295845	0.0011642897734418511
clips	clip-023	8	9649720.0	9650695.0	0	Cough	0.4090801477432251	0.0285562165081501	0.024113457649946213	0.0001754348340909928	4.2805557313840836e-05	0.00015420757699757814	0.06631824374198914	0.00020090681209694594	0.00020468833099585027	0.1463916301727295	1.1230845302634407e-06	6.121970363892615e-05
clips	clip-023	9	9650200.0	9651175.0	0	Cough	0.9735000729560852	0.00949807744473219	0.0011805101530626416	6.33686941000633e-05	5.407429398474051e-06	6.038533797436685e-07	0.00010504161764401942	3.3156535209855065e-05	6.2662671552971e-05	0.0077715408988296986	1.3473116950990516e-06	4.922288781017414e-07
clips	clip-023	10	9650680.0	9651655.0	0	Cough	0.588876485824585	0.015998251736164093	0.0026246546767652035	8.204324694816023e-05	1.4981023923610337e-05	1.758085659275821e-07	0.5327562093734741	0.061721932142972946	0.00031418001162819564	0.041360385715961456	3.281528659915267e-10	7.560495760117192e-06
clips	clip-023	11	9651160.0	9652135.0	0	Crying, sobbing	0.8508460521697998	0.005089112091809511	0.012238455936312675	1.7787182514439337e-05	2.0274178496038076e-06	2.90874140773667e-07	0.0022023324854671955	3.346111441260291e-07	4.895544407190755e-05	0.01482375618070364	7.672465440755616e-11	1.0769551408884581e-05
clips	clip-023	12	9651640.0	9652615.0	0	Domestic animals, pets	0.5500084161758423	0.009880662895739079	0.005196672398597002	4.5063246943755075e-05	5.414726274466375e-06	2.469993376497115e-10	0.00023861860972829163	2.300387905052048e-06	0.0023398229386657476	0.0010067836847156286	9.029920811087777e-09	1.6999886156554567e-06
clips	clip-023	13	9652120.0	9653095.0	0	Crying, sobbing	0.8305212259292603	0.0021149676758795977	0.0009317460935562849	3.4458262234693393e-06	1.551314170455953e-07	4.5710334822812726e-11	0.0002323604712728411	6.45419049760676e-07	0.0011029073502868414	0.003549072192981839	8.0095015064785e-09	5.32151204879483e-07
clips	clip-023	14	9652600.0	9653575.0	0	Dog	0.6609430313110352	0.005998649634420872	6.991568807279691e-05	4.9734448111848906e-05	1.3901785678172018e-05	5.275317405128988e-10	2.1772037143819034e-05	3.149551776004955e-05	0.0018214076990261674	0.00596903869882226	5.737197739108524e-08	4.808663561561843e-06
clips	clip-023	15	9653080.0	9654000.0	55.0	Speech	0.45448076725006104	0.45448076725006104	0.00012813202920369804	0.0008518800023011863	0.0016687350580468774	3.8295691950906985e-08	0.00021751827443949878	0.05128869041800499	0.00045588830835185945	0.002451576991006732	8.784808436246294e-10	6.489913357654586e-05
clips	clip-024	0	560000.0	560975.0	0	Speech	0.46489420533180237	0.46489420533180237	0.0025361101143062115	0.0008739042095839977	0.0019073433941230178	2.358962944981613e-07	6.243986664516976e-12	1.1125517174193078e-09	0.0010749686043709517	8.486022852594033e-05	5.082516452148411e-08	7.205699512269348e-05
clips	clip-024	1	560480.0	561455.0	0	Music	0.44287317991256714	0.015150325372815132	0.00023699334997218102	0.00011890083987964317	0.00018339544476475567	6.2279036683321465e-06	1.2266722082543424e-09	9.092558173051657e-08	0.44287317991256714	0.0002090424532070756	6.455328360743806e-08	9.466957271797583e-05
clips	clip-024	2	560960.0	561935.0	0	Speech	0.4739409387111664	0.4739409387111664	0.0037287415470927954	0.0014719100436195731	0.003381300950422883	4.1887811676133424e-05	4.687137344916437e-09	3.925821090433601e-07	0.08527646958827972	0.0003734974889084697	2.4484707594751853e-08	0.00034282851265743375
clips	clip-024	3	561440.0	562415.0	0	Dog	0.3323443830013275	0.09497861564159393	0.0009165922529064119	0.00012835078814532608	0.00011966851161560044	1.8339761709285085e-07	3.9962771980484035e-10	1.0087912727385628e-07	0.004178301896899939	0.00010352444951422513	1.4193609558788012e-06	3.060686503886245e-05
clips	clip-024	4	561920.0	562895.0	0	Animal	0.4344992935657501	0.027351202443242073	0.0009027093765325844	6.0663318436127156e-05	0.00019224621064495295	1.4310839105746709e-05	2.5409216952709812e-09	7.738450591432411e-08	0.000411477405577898	5.1198829169152305e-05	7.439155638166994e-07	0.00036707709659822285
clips	clip-024	5	562400.0	563375.0	0	Music	0.3245350122451782	0.029782503843307495	0.009730161167681217	0.00102903600782156	0.000978783005848527	0.00044244996388442814	1.806993594755113e-07	2.138585614375188e-06	0.3245350122451782	0.00040510541293770075	2.5685298510325083e-07	0.0008210869273170829
clips	clip-024	6	562880.0	563855.0	0	Music	0.7505459785461426	0.02425719052553177	0.0008327733958140016	0.00016824992781039327	0.0008605249458923936	1.5143954215091071e-06	6.3278973172486985e-09	2.882281705751666e-06	0.7505459785461426	8.085785520961508e-05	1.3791479069880097e-09	8.175833499990404e-05
clips	clip-024	7	563360.0	564335.0	0	Music	0.6416572332382202	0.040931131690740585	0.007865301333367825	0.0007382245967164636	0.0019302231958135962	1.2734643860312644e-05	4.6363425099116284e-07	5.024376605433645e-06	0.6416572332382202	0.0009435873362235725	5.464378318720264e-07	8.111255010589957e-05
clips	clip-024	8	563840.0	564815.0	0	Inside, small room	0.1703614741563797	0.025965899229049683	0.011095198802649975	0.0014231429668143392	0.0008333619916811585	5.375288310460746e-05	6.599105745408451e-06	2.9871460355934687e-05	0.06719856709241867	0.003944456577301025	1.3350507288123481e-05	0.0021996418945491314
clips	clip-024	9	564320.0	565295.0	0	Speech	0.22533582150936127	0.22533582150936127	0.0005149469943717122	0.0008999200072139502	0.002157923998311162	9.464367030886933e-05	1.783821462937596e-12	2.882168392837059e-10	0.0015155437868088484	3.228936839150265e-05	2.699531917449427e-11	0.0011061053955927491
clips	clip-024	10	564800.0	565775.0	0	Music	0.4616599678993225	0.014726268127560616	0.0032792091369628906	0.00021970478701405227	0.0009157184395007789	6.140003279142547e-06	2.2215009779641415e-12	9.498841713195816e-10	0.4616599678993225	1.2513528417912312e-05	3.0000238404603863e-10	0.00015452758816536516
clips	clip-024	11	565280.0	566255.0	0	Music	0.6342425346374512	0.027363214641809464	0.010901396162807941	0.0010389512171968818	0.0015720572555437684	0.0003235117474105209	1.1789389731120536e-07	1.572925498294353e-06	0.6342425346374512	0.0004698408010881394	8.890181106835371e-07	0.0004631876072380692
clips	clip-024	12	565760.0	566735.0	0	Speech	0.18069371581077576	0.18069371581077576	0.006280128378421068	0.0025477190501987934	0.0018711639568209648	0.0001869944535428658	1.4799758901062887e-05	5.4323852964444086e-05	0.043223802000284195	0.0014515131479129195	7.251919669215567e-06	0.00027105174376629293
clips	clip-024	13	566240.0	567215.0	0	Speech	0.386301726102829	0.386301726102829	0.0013169202720746398	0.0003719936648849398	0.00037577826878987253	6.297814252320677e-05	5.8597347418754e-08	8.582688337810396e-07	0.00011907126463484019	0.00040128911496140063	3.518434095894918e-05	0.00023419030185323209
clips	clip-024	14	566720.0	567695.0	0	Speech	0.2543119192123413	0.2543119192123413	0.01399537269026041	0.0012403205037117004	0.003764900378882885	0.0002002071269089356	2.522344277888777e-10	8.554368946533941e-08	0.10819654166698456	0.0004289274220354855	2.507012730745828e-08	0.00022283790167421103
clips	clip-024	15	567200.0	568175.0	0	Music	0.6423864364624023	0.030365534126758575	0.00018633199215400964	0.00015788817836437374	0.0015306590357795358	8.561820322938729e-06	1.0497317425028907e-11	8.22370260777916e-09	0.6423864364624023	2.0762448912137188e-05	3.5902412987010024e-11	0.0007932247826829553
clips	clip-024	16	567680.0	568655.0	0	Music	0.1605370193719864	0.14572244882583618	0.0021053955424576998	0.0011887408327311277	0.0035648115444928408	1.2892731319880113e-05	1.2728182063881377e-08	1.1206130920982105e-06	0.1605370193719864	0.0010981550440192223	3.47321496008135e-08	5.2262483222875744e-05
clips	clip-024	17	568160.0	569135.0	0	Inside, small room	0.1133681982755661	0.08804699778556824	0.03403102606534958	0.0014433389296755195	0.0004968366120010614	0.00038255442632362247	0.0009873741073533893	3.564764847396873e-05	0.011359049007296562	0.032129496335983276	7.293469388969243e-05	0.0010091324802488089
clips	clip-024	18	568640.0	569615.0	0	Inside, small room	0.22397799789905548	0.08660489320755005	0.0004156973445788026	0.0009420769056305289	0.0014448963338509202	4.660332706407644e-05	1.001400568370614e-12	9.911819975894076e-11	0.00044926151167601347	0.00010455623851157725	2.793956732638492e-10	0.0011693777050822973
clips	clip-024	19	569120.0	570095.0	0	Music	0.13261134922504425	0.11839265376329422	0.007780167274177074	0.0007283332524821162	0.0010733319213613868	0.0002039060345850885	1.6380040435137744e-08	1.7023896816681372e-06	0.13261134922504425	0.0010065396782010794	3.547313554008724e-07	0.001192943542264402
clips	clip-024	20	569600.0	570575.0	0	Speech	0.16991911828517914	0.16991911828517914	0.0014895984204486012	0.00019127075211144984	0.002141179982572794	6.014073278493015e-06	5.321194179730426e-11	8.411371155148117e-09	0.15084129571914673	0.000364647654350847	1.7872296975696145e-09	0.00125274492893368
clips	clip-024	21	570080.0	571055.0	0	Speech	0.5317163467407227	0.5317163467407227	0.000737871858291328	0.0013569503789767623	0.0012018833076581359	3.761738844332285e-05	2.382209451923245e-08	7.611176329191949e-07	0.0060556246899068356	0.0030509287025779486	0.00012139607133576646	0.0002734347654040903
clips	clip-024	22	570560.0	571535.0	0	Speech	0.10314152389764786	0.10314152389764786	0.0005984517629258335	0.0003900126030202955	0.00047312112292274833	1.3502596630132757e-05	1.5427791311140027e-07	4.1104076444753446e-06	0.021204084157943726	0.0005120806745253503	5.632996817439562e-06	6.211402069311589e-05
clips	clip-024	23	571040.0	572015.0	0	Music	0.13880544900894165	0.06298600882291794	0.0037279161624610424	0.0010619198437780142	0.0005898119416087866	7.696578541072085e-05	4.3622455336844723e-07	5.810175935039297e-06	0.13880544900894165	0.0004021331260446459	9.024799396684102e-07	0.00030137161957100034
clips	clip-024	24	571520.0	572495.0	0	Music	0.15314540266990662	0.034397680312395096	0.00287333270534873	0.0004592632467392832	0.0007824519998393953	0.0011280713370069861	1.5154553167917584e-08	2.7022076665161876e-07	0.15314540266990662	0.0002851765020750463	1.7040443722748932e-08	0.0012006480246782303
clips	clip-024	25	572000.0	572975.0	0	Music	0.4786061942577362	0.006581950467079878	0.0013546913396567106	0.0002481569827068597	0.0008847167482599616	4.653711869195831e-07	1.6871030961151945e-10	1.5888955928744508e-08	0.4786061942577362	0.00010117237252416089	6.609997882378593e-09	0.0008282427443191409
clips	clip-024	26	572480.0	573455.0	0	Music	0.284844309091568	0.003418182022869587	0.0011428424622863531	0.0004328568757046014	0.0007804131601005793	1.1718791029124986e-05	8.096788794986765e-10	9.175992232712815e-08	0.284844309091568	0.00016589810547884554	3.1908264475077885e-08	0.004882275592535734
clips	clip-024	27	572960.0	573935.0	0	Music	0.23315274715423584	0.020280014723539352	0.0019368764478713274	0.0010679246624931693	0.0014741318300366402	1.0441277481731959e-05	9.479571794202002e-09	9.009157224681985e-07	0.23315274715423584	4.944121610606089e-05	2.3574919794100424e-07	0.0009220180800184608
clips	clip-024	28	573440.0	574415.0	0	Music	0.9563571214675903	0.0005009467131458223	0.00010551937884883955	4.553894086711807e-06	0.0002198191941715777	1.5222139992943085e-08	1.408749744462312e-12	9.641008130722994e-11	0.9563571214675903	9.609912922314834e-06	5.799206601042606e-11	0.00010099068458657712
clips	clip-024	29	573920.0	574895.0	0	Music	0.9518285393714905	0.0001906502147903666	0.00010939512867480516	7.819414349796716e-06	0.00010362312605138868	1.3878648985610198e-07	9.736937645055121e-11	9.15691344971492e-09	0.9518285393714905	2.6549923859420232e-05	1.5341557357828606e-08	0.0001313807297265157
clips	clip-024	30	574400.0	575375.0	0	Music	0.24037779867649078	0.0031655305065214634	0.0020838372875005007	0.0005198637954890728	0.00039911034400574863	4.230498961987905e-05	4.1800745975706377e-07	3.2686127724446123e-06	0.24037779867649078	0.00372518808580935	1.810062167351134e-05	0.0023911017924547195
clips	clip-024	31	574880.0	575855.0	0	Inside, small room	0.35264578461647034	0.0013332278467714787	0.0003398466215003282	0.00011439236550359055	5.986183532513678e-05	6.97093055350706e-05	4.134997766414017e-08	1.530332156107761e-06	0.002681984333321452	0.0006650901050306857	0.00015628414985258132	0.007094556465744972
clips	clip-024	32	575360.0	576335.0	0	Music	0.897434413433075	0.004000564571470022	0.0001861760683823377	3.8893042074050754e-05	9.903234604280442e-05	9.938987659552367e-07	5.323267382451036e-10	2.0893870100735512e-07	0.897434413433075	1.1849816473841202e-05	2.5971920170064777e-09	2.4731960365897976e-05
clips	clip-024	33	575840.0	576815.0	0	Music	0.9647520184516907	0.0005274724098853767	0.00012383873399812728	4.446056846063584e-05	0.0001744875917211175	4.944320863842222e-08	4.01218468171205e-11	2.6544502151892857e-09	0.9647520184516907	1.9922446881537326e-05	3.1781091647253845e-11	0.00027627035160548985
clips	clip-024	34	576320.0	577295.0	0	Music	0.8197214007377625	0.0012547827791422606	0.0001940399088198319	4.364683627500199e-05	0.00011096497473772615	4.272595888199504e-10	3.3932691725913067e-12	1.2175278563120173e-09	0.8197214007377625	2.2186591195350047e-06	1.8021594633266247e-11	0.0009765280992724001
clips	clip-024	35	576800.0	577775.0	0	Inside, small room	0.38716182112693787	0.005245615728199482	0.0011815475299954414	0.00025193821056745946	0.00024192356795538217	1.1396439276722958e-06	1.3907018869829813e-09	6.436812327592634e-08	0.007893639616668224	0.0005901102558709681	1.4168280131343636e-06	0.0017360257916152477
clips	clip-024	36	577280.0	578255.0	0	Music	0.3364761173725128	0.0029525260906666517	0.000725847901776433	0.00015360003453679383	0.0009358118986710906	4.6524826302629663e-07	1.517343140022831e-09	8.691501562907433e-08	0.3364761173725128	0.0006154108559712768	2.6523088081376045e-07	0.0008092158823274076
clips	clip-024	37	577760.0	578735.0	0	Music	0.26553061604499817	0.005096778739243746	0.0006720296805724502	0.0002331458672415465	0.0005060328985564411	7.941603712424694e-07	6.799637741750075e-09	2.019922646923078e-07	0.26553061604499817	0.0007322452147491276	7.50744675315218e-07	0.0017259239684790373
clips	clip-024	38	578240.0	579215.0	0	Inside, small room	0.2944650948047638	0.009875485673546791	0.004924902692437172	0.0004314054676797241	0.0005853624898009002	5.214465659264533e-07	6.802452823251315e-09	2.4311674451382714e-07	0.07646013796329498	0.0004560574016068131	1.2318472499828204e-06	0.005201827734708786
clips	clip-024	39	578720.0	579695.0	0	Inside, small room	0.4045380651950836	0.00781391840428114	0.0013382910983636975	0.0003053203981835395	0.0006667913403362036	3.3284454730164725e-06	2.7591757767453373e-09	8.297348585983855e-08	0.005642928183078766	0.0059869070537388325	2.3679887817706913e-05	0.010543334297835827
clips	clip-024	40	579200.0	580000.0	175.0	Mechanisms	0.22446079552173615	0.009835148230195045	0.00011126122262794524	7.136835483834147e-05	0.00012202648940728977	4.3909534497288405e-07	7.147532010698399e-10	1.4445929252815404e-07	0.0030798758380115032	0.0013116298941895366	1.1870982064010605e-07	0.0026670407969504595
clips	clip-025	0	580000.0	580975.0	0	Music	0.6841830015182495	0.001444447785615921	0.00039069715421646833	1.1736428859876469e-05	9.667476115282625e-05	3.918997890650644e-07	7.197117901647232e-11	1.6608343145207982e-08	0.6841830015182495	8.290453479276039e-06	7.729466372508043e-12	4.932640149490908e-05
clips	clip-025	1	580480.0	581455.0	0	Music	0.9753212332725525	0.00017595585086382926	4.511119186645374e-05	3.7129250358702848e-06	4.2550986108835787e-05	5.017643900373514e-08	1.8593581535553128e-12	1.7105981908738244e-10	0.9753212332725525	4.251977316016564e-06	2.1121575322080588e-10	0.00011080097465310246
clips	clip-025	2	580960.0	581935.0	0	Music	0.5335962176322937	0.0030380880925804377	0.00022215291392058134	4.705198443843983e-05	0.00030788074946030974	1.056375431573997e-08	5.6645549362244196e-11	3.0980495946408837e-09	0.5335962176322937	3.4765620512189344e-05	7.692997350261521e-10	0.00044401834020391107
clips	clip-025	3	581440.0	582415.0	0	Inside, small room	0.22438132762908936	0.03070802614092827	0.0022132399026304483	0.0006534552667289972	0.00036048557376489043	0.0001073327730409801	4.01903662350378e-06	2.7941339794779196e-05	0.0180312879383564	0.002992473542690277	0.0011316441232338548	0.0016833582194522023
clips	clip-025	4	581920.0	582895.0	0	Music	0.6214965581893921	0.019734486937522888	0.0017317677848041058	0.00033545808400958776	0.0004744541074614972	4.253076440363657e-06	2.0119828025855213e-09	1.5053456081659533e-07	0.6214965581893921	4.246598473400809e-05	1.2313815034303843e-07	0.00015380274271592498
clips	clip-025	5	582400.0	583375.0	0	Music	0.8724879026412964	0.004170236177742481	0.0006370078772306442	0.0001574244088260457	0.0005432828911580145	2.5633323730289703e-06	1.0906280323297324e-08	7.605843279634428e-07	0.8724879026412964	0.00010617524094413966	1.1016103584893244e-08	0.00020960568508598953
clips	clip-025	6	582880.0	583855.0	0	Music	0.47912105917930603	0.001183985499665141	0.00012665499525610358	2.4806580768199638e-05	0.00019750057253986597	1.3000406973162626e-08	5.66698910020591e-10	1.5594947910813062e-07	0.47912105917930603	0.0007494346937164664	1.4884274257553898e-08	0.002033329103142023
clips	clip-025	7	583360.0	584335.0	0	Music	0.24118074774742126	0.015595567412674427	0.0008107769535854459	0.00014542775170411915	0.00024052108346950263	1.1809165698650759e-06	3.2000977512325335e-07	3.274205300840549e-05	0.24118074774742126	0.00027256435714662075	7.770616150537535e-09	0.000794595165643841
clips	clip-025	8	583840.0	584815.0	0	Music	0.6668663024902344	0.0020383454393595457	7.499282946810126e-05	2.9324875868042e-05	0.00025155729963444173	8.328424883075058e-08	5.6102206213992645e-12	5.129123348268649e-09	0.6668663024902344	1.2658484592975583e-05	5.1972644937725576e-11	0.0005270369001664221
clips	clip-025	9	584320.0	585295.0	0	Music	0.7805885076522827	0.004277306608855724	0.00014512712368741632	1.561597309773788e-05	0.00011640850425465032	3.1271690659195883e-07	4.635298655325526e-12	6.714177547273437e-10	0.7805885076522827	1.6700912965461612e-05	2.2125175302978306e-10	1.959728024303331e-06
clips	clip-025	10	584800.0	585775.0	0	Music	0.9339820742607117	0.0013341773301362991	0.0002502566494513303	2.5599201762815937e-05	9.875284013105556e-05	1.2687104344877298e-07	1.379693581604613e-11	4.205039649818332e-10	0.9339820742607117	2.256842162751127e-05	3.2109401248980873e-10	0.0002192772226408124
clips	clip-025	11	585280.0	586255.0	0	Music	0.5762710571289062	0.000655102077871561	6.820964335929602e-05	8.825002623780165e-06	2.512094215489924e-05	6.3176583964263955e-09	6.867993153358842e-12	9.307800641344954e-10	0.5762710571289062	2.129804306605365e-05	5.3666205701574654e-08	5.5078871810110286e-05
clips	clip-025	12	585760.0	586735.0	0	Mechanical fan	0.2729249596595764	0.007101250812411308	0.00026090312167070806	0.0001624017459107563	0.00033594341948628426	1.4143520274956245e-06	4.721214530434281e-09	1.0131743266583726e-07	0.003559182630851865	0.0018817317904904485	2.34112285397714e-05	0.011072098277509212
clips	clip-025	13	586240.0	587215.0	0	Music	0.49710020422935486	0.004386299289762974	7.980099326232448e-05	2.603669054224156e-05	0.0001995391648961231	3.847713814231213e-11	1.4199062661323508e-13	4.4641752100504917e-11	0.49710020422935486	2.704354756133398e-06	3.7264145762161416e-12	0.00017912019393406808
clips	clip-025	14	586720.0	587695.0	0	Music	0.8863174319267273	0.0011309819528833032	0.0006149886758066714	1.1347463441779837e-05	0.00018132197146769613	3.5397594189134907e-08	8.25396001546963e-11	2.0358934538222684e-09	0.8863174319267273	0.0005132239311933517	1.1226001239705852e-09	0.00042557125561870635
clips	clip-025	15	587200.0	588175.0	0	Music	0.18324822187423706	0.0015619455371052027	0.0001640268019400537	1.6166706700460054e-05	0.00011991101928288117	2.582796865269188e-09	7.524051520713115e-11	8.597695000389649e-09	0.18324822187423706	0.0002517936809454113	1.8264711965088054e-09	0.0024013924412429333
clips	clip-025	16	587680.0	588655.0	0	Motor vehicle (road)	0.0801205039024353	0.005803288891911507	0.0001867596001829952	1.9388167856959626e-05	0.00013970080181024969	4.81398343410433e-09	1.2530616301520414e-11	1.61823230371283e-08	0.039691753685474396	5.7686902437126264e-05	2.7671467547896178e-11	0.00010594707418931648
clips	clip-025	17	588160.0	589135.0	0	Music	0.16543446481227875	0.006436141207814217	0.0017340914346277714	0.0015523937763646245	0.0011382059892639518	0.00011024293780792505	5.784688710264163e-06	0.00038327043876051903	0.16543446481227875	0.0005597282433882356	2.613281253616151e-07	0.022497685626149178
clips	clip-025	18	588640.0	589615.0	0	Music	0.5528051853179932	0.016717983409762383	0.00029863702366128564	0.00029024522518739104	0.00045371302985586226	2.2116008040029556e-05	9.998670641442331e-11	3.3027092172233097e-07	0.5528051853179932	1.0069831660075579e-05	1.5266246933265393e-08	0.00014331875718198717
clips	clip-025	19	589120.0	590095.0	0	Music	0.3644039034843445	0.07094958424568176	0.005245817359536886	0.00039965461473912	0.0014232738176360726	0.0003880211734212935	6.634299776209218e-09	2.257701652297328e-07	0.3644039034843445	0.00012018426059512421	2.506802232460359e-08	0.00015902757877483964
clips	clip-025	20	589600.0	590575.0	0	Speech	0.26815804839134216	0.26815804839134216	0.042046308517456055	0.0018825316801667213	0.0016757299890741706	1.8112485122401267e-05	2.9279828595463187e-05	1.4640191693615634e-05	0.044107891619205475	0.0007130628218874335	7.073488461628585e-08	0.0006409419584088027
clips	clip-025	21	590080.0	591055.0	0	Speech	0.2142030894756317	0.2142030894756317	0.010317042469978333	0.0014411077136173844	0.0016968075651675463	0.00020600721472874284	3.5955207522420096e-07	1.4585485814677668e-06	0.004441987723112106	0.001786873210221529	5.925878213020042e-06	0.0006607742398045957
clips	clip-025	22	590560.0	591535.0	0	Speech	0.16621477901935577	0.16621477901935577	0.026947464793920517	0.001365497475489974	0.0014388395939022303	0.00011256508150836453	5.68201770079213e-08	4.0307875792677805e-07	0.036033548414707184	0.0029568555764853954	1.129023075918667e-06	0.0007230152259580791
clips	clip-025	23	591040.0	592015.0	0	Music	0.28531068563461304	0.050950489938259125	0.005627316422760487	0.00023451808374375105	0.0005208359216339886	6.994740033405833e-06	2.5407278503308817e-09	4.613161053157455e-08	0.28531068563461304	0.0001890610292321071	3.7574440625576244e-07	0.0004771408857777715
clips	clip-025	24	591520.0	592495.0	0	Music	0.5511384010314941	0.012435900047421455	0.0011300842743366957	4.672837894759141e-05	0.0008121634600684047	2.6078339487867197e-07	5.6756487509801445e-08	1.1194690614502179e-06	0.5511384010314941	7.98890832811594e-05	2.0005859469041098e-10	0.00011326170351821929
clips	clip-025	25	592000.0	592975.0	0	Speech	0.12111884355545044	0.12111884355545044	0.007846825756132603	0.0008912663906812668	0.00047489951248280704	0.0005779933999292552	5.131975922267884e-05	0.00015652275760658085	0.052075061947107315	0.003690732643008232	4.326755151851103e-05	0.001004960504360497
clips	clip-025	26	592480.0	593455.0	0	Speech	0.47936293482780457	0.47936293482780457	0.0007404485368169844	0.00016492558643221855	0.00024436303647235036	3.8027943105589657e-07	5.92815740940722e-10	7.124086920384798e-08	0.026446793228387833	0.00017024438420776278	8.221516054618405e-07	6.094227865105495e-05
clips	clip-025	27	592960.0	593935.0	0	Music	0.7786475419998169	0.013161161914467812	0.0011883910046890378	0.0002617025456856936	0.0008568871999159455	2.3967559172888286e-05	6.785091244410069e-08	1.661344981584989e-06	0.7786475419998169	0.0020123848225921392	3.5281402688269736e-06	0.000130509928567335
clips	clip-025	28	593440.0	594415.0	0	Music	0.8082613945007324	0.006974922958761454	0.00012427251203916967	2.888867493311409e-05	0.0006620422354899347	1.0812744477561864e-07	2.5935148126321472e-12	1.4474027532074274e-10	0.8082613945007324	1.414415419276338e-05	9.752755547598468e-11	0.00011224244371987879
clips	clip-025	29	593920.0	594895.0	0	Music	0.41334545612335205	0.061409980058670044	0.002467889105901122	0.0006129523389972746	0.0010163591941818595	1.0849680620594881e-05	9.032754860527348e-06	2.7633917852654122e-05	0.41334545612335205	0.001510400790721178	8.69353566912423e-09	0.0002810631413012743
clips	clip-025	30	594400.0	595375.0	0	Speech	0.0782359167933464	0.0782359167933464	0.0035002799704670906	0.0002071239287033677	0.0006045753252692521	1.0102294112357413e-08	2.0994062044366046e-09	1.526391812944894e-08	0.05287304148077965	0.0001778088917490095	1.3496566531046028e-08	0.00022422944311983883
clips	clip-025	31	594880.0	595855.0	0	Music	0.26685020327568054	0.019024575129151344	0.0034556572791188955	0.0006394358933903277	0.0008233181433752179	1.3745371688855812e-05	6.023067555815942e-08	1.0378170145486365e-06	0.26685020327568054	0.0012125700013712049	3.722554538398981e-06	0.00045990219223313034
clips	clip-025	32	595360.0	596335.0	0	Music	0.7891764640808105	0.005158803891390562	5.8731504395836964e-05	3.797088720602915e-05	0.00025800149887800217	2.365216914768098e-06	3.2732305754734625e-08	5.4342699513654225e-06	0.7891764640808105	0.00034212053287774324	1.1351780813129153e-06	0.0001357363653369248
clips	clip-025	33	595840.0	596815.0	0	Music	0.6992030143737793	0.064126156270504	0.00089055928401649	7.224669388961047e-05	0.0006385323940776289	3.451334578130627e-07	3.871912512831699e-11	1.3119700881247809e-08	0.6992030143737793	1.0155683412449434e-05	3.746067456233959e-09	5.171142674953444e-06
clips	clip-025	34	596320.0	597295.0	0	Music	0.5925709009170532	0.028336791321635246	0.00023938195954542607	8.144124876707792e-05	0.00025365117471665144	2.392199860423716e-07	5.52201451231582e-10	3.5827841315949627e-07	0.5925709009170532	1.6984322428470477e-05	2.7525695500685288e-08	7.72421044530347e-05
clips	clip-025	35	596800.0	597775.0	0	Speech	0.2601385712623596	0.2601385712623596	0.0018827486783266068	0.0001846973755164072	0.00031298206886276603	9.126810596171708e-07	2.2614399242115724e-08	1.6158691096279654e-07	0.0008640082087367773	8.222259202739224e-05	1.312099442429826e-07	0.0005001701647415757
clips	clip-025	36	597280.0	598255.0	0	Music	0.3762562572956085	0.026910267770290375	0.0009391767089255154	2.0332621716079302e-05	0.00028900927281938493	8.157340744219255e-06	9.294149651284389e-12	2.1433341768073433e-09	0.3762562572956085	2.1099400328239426e-05	9.029210712441227e-10	3.837507392745465e-05
clips	clip-025	37	597760.0	598735.0	0	Music	0.5769327282905579	0.04277002066373825	0.0025631962344050407	0.00017829272837843746	0.000910133239813149	7.1092617872636765e-06	2.1126207727650836e-10	2.3091148548815e-08	0.5769327282905579	0.00022267989697866142	1.698851122000633e-07	2.2042922864784487e-05
clips	clip-025	38	598240.0	599215.0	0	Music	0.41664445400238037	0.026836514472961426	0.0025560972280800343	0.0002009501331485808	0.0005181191954761744	1.4986205769673688e-06	1.2668908766499953e-07	1.6225009176196181e-06	0.41664445400238037	0.00031917382148094475	5.754820335823752e-07	2.175840018026065e-05
clips	clip-025	39	598720.0	599695.0	0	Domestic animals, pets	0.21990549564361572	0.07557118684053421	0.005414603743702173	0.0008560966816730797	0.0013670361367985606	0.00011089495092164725	0.001484828651882708	0.0008818627684377134	0.02083931677043438	0.030371496453881264	0.004194403532892466	0.0023443230893462896
clips	clip-025	40	599200.0	600000.0	175.0	Music	0.22413386404514313	0.005469136871397495	0.002040319610387087	7.751379598630592e-05	0.0008183085592463613	1.4207545973476954e-05	1.274973460141382e-08	1.474403319434714e-07	0.22413386404514313	7.121491944417357e-05	7.944356639200123e-08	0.0006935693672858179
clips	clip-026	0	3600000.0	3600975.0	0	Inside, small room	0.3206636309623718	0.0065694404765963554	0.0034927036613225937	0.0013477389002218843	0.0017616137629374862	0.0032464121468365192	1.4449060472543351e-06	1.97588155970152e-06	0.0011574008967727423	0.006384468637406826	9.466661481383198e-07	0.19306810200214386
clips	clip-026	1	3600480.0	3601455.0	0	Inside, small room	0.44167396426200867	0.017776334658265114	0.011716034263372421	0.0024502361193299294	0.0035017223563045263	0.0021889335475862026	6.980174021009589e-07	1.3625111705550808e-06	0.0019839166197925806	0.005946479272097349	2.417374105334602e-07	0.07350610196590424
clips	clip-026	2	3600960.0	3601935.0	0	Inside, small room	0.6265755891799927	0.01370183750987053	0.0003030109510291368	0.00039049776387400925	0.0007133836043067276	2.28918520406296e-06	1.2848665187359387e-10	3.59485810008664e-08	0.0010558973299339414	0.0005734916776418686	1.4087264617046458e-06	0.002775362227112055
clips	clip-026	3	3601440.0	3602415.0	0	Sliding door	0.19689930975437164	0.0175738837569952	0.001959157409146428	0.001215294236317277	0.0012159391772001982	0.0006892386008985341	8.18750231701415e-06	0.00010229799954686314	0.003551118541508913	0.005818263161927462	2.9612789148814045e-05	0.008004380390048027
clips	clip-026	4	3601920.0	3602895.0	0	Vehicle	0.08699364215135574	0.07868949323892593	0.017251577228307724	0.0032354723662137985	0.007062139455229044	0.0005668962257914245	4.2738370211736765e-06	7.484879461117089e-05	0.006635493598878384	0.0023732990957796574	4.73791033073212e-06	0.02377948723733425
clips	clip-026	5	3602400.0	3603375.0	0	Snort	0.29157692193984985	0.03730832412838936	0.0036323212552815676	0.0018362225964665413	0.0016342757735401392	0.00294689554721117	0.0002637772122398019	0.0002450891479384154	0.0036594432312995195	0.17477118968963623	0.0005509039619937539	0.050091084092855453
clips	clip-026	6	3602880.0	3603855.0	0	Inside, small room	0.33596906065940857	0.018318425863981247	0.011513397097587585	0.0009346833685413003	0.0010120025835931301	0.0009187357500195503	4.680263009504415e-05	1.6745518223615363e-05	0.005474931560456753	0.128030925989151	1.149694526247913e-05	0.04265084117650986
clips	clip-026	7	3603360.0	3604335.0	0	Inside, small room	0.325754851102829	0.026279160752892494	0.0075020557269454	0.0015218991320580244	0.0013193640625104308	0.0063319155015051365	1.66480695042992e-05	9.561427759763319e-06	0.0031851271633058786	0.03215913102030754	0.0001920192298712209	0.11793191730976105
clips	clip-026	8	3603840.0	3604815.0	0	Inside, small room	0.3902456760406494	0.036898449063301086	0.010779273696243763	0.0015172846615314484	0.0006982190534472466	0.000303811946650967	3.916034529538592e-06	1.0212868346570758e-06	0.002088503912091255	0.042971402406692505	0.00012974620040040463	0.020276827737689018
clips	clip-026	9	3604320.0	3605295.0	0	Inside, small room	0.5963802933692932	0.00930006057024002	0.001816474599763751	0.0004482656077016145	0.00031242636032402515	0.00010857982124434784	1.1611151506940587e-07	1.4934272485334077e-06	0.0010684634326025844	0.005236372817307711	4.166852158959955e-05	0.008346261456608772
clips	clip-026	10	3604800.0	3605775.0	0	Inside, small room	0.3832899332046509	0.013654901646077633	0.004567749798297882	0.0016673160716891289	0.0021220743656158447	0.0029201465658843517	1.327429708908312e-05	1.4344821465783753e-05	0.0014088543830439448	0.042639799416065216	4.135570998187177e-05	0.12186213582754135
clips	clip-026	11	3605280.0	3606255.0	0	Inside, small room	0.43109363317489624	0.013451996259391308	0.005950959399342537	0.0023961870465427637	0.0019397462019696832	0.027288440614938736	2.363035127928015e-05	2.998679701704532e-05	0.005240703467279673	0.023396216332912445	2.446006146783475e-05	0.10020976513624191
clips	clip-026	12	3605760.0	3606735.0	0	Inside, small room	0.27416712045669556	0.02025044895708561	0.009232026524841785	0.0013155238702893257	0.0008475288632325828	0.012755919247865677	0.00026301175239495933	0.00010849081445485353	0.0030533908866345882	0.027131328359246254	0.0009273866889998317	0.04993658512830734
clips	clip-026	13	3606240.0	3607215.0	0	Inside, small room	0.24977460503578186	0.02339732088148594	0.013295386917889118	0.002133622532710433	0.0020058106165379286	0.00279437517747283	0.00024755296180956066	0.00030253667500801384	0.003763702232390642	0.023332657292485237	0.0001116851344704628	0.12799601256847382
clips	clip-026	14	3606720.0	3607695.0	0	Inside, small room	0.46524178981781006	0.006645284127444029	0.0017790019046515226	0.00036765020922757685	0.00022977427579462528	0.000512344588059932	1.177673493657494e-05	4.097757937415736e-06	0.0006593758589588106	0.04241175577044487	0.014131405390799046	0.0416078120470047
clips	clip-026	15	3607200.0	3608175.0	0	Snort	0.5397441387176514	0.012533183209598064	0.0051751695573329926	0.0007022868958301842	0.0004588886513374746	0.0034880072344094515	0.0031955891754478216	0.0006606291863135993	0.003023093333467841	0.2214648276567459	0.017585644498467445	0.045832276344299316
clips	clip-026	16	3607680.0	3608655.0	0	Speech	0.23180007934570312	0.23180007934570312	0.0020359987393021584	0.0008503480348736048	0.0009117241716012359	3.167672548443079e-05	3.105227369815111e-05	3.312044282210991e-05	0.002092934912070632	0.07523521035909653	3.6803815106623006e-08	0.00034688811865635216
clips	clip-026	17	3608160.0	3609135.0	0	Speech	0.5453041791915894	0.5453041791915894	0.006481516174972057	0.0033557822462171316	0.0018322111573070288	0.00017270719399675727	6.433482667489443e-06	4.940512553730514e-06	0.00011920543329324573	0.03969785198569298	1.0279048865413642e-06	0.0007623647688888013
clips	clip-026	18	3608640.0	3609615.0	0	Speech	0.3946056663990021	0.3946056663990021	0.010220702737569809	0.0020274741109460592	0.0003697040374390781	1.3757627357335878e-06	1.4145799696052563e-06	2.4963021587609546e-06	0.0004318092542234808	0.0006191972061060369	4.3032699181821954e-07	5.763878652942367e-05
clips	clip-026	19	3609120.0	3610095.0	0	Inside, small room	0.13564041256904602	0.13476255536079407	0.011715670116245747	0.0009688571444712579	0.0008965881424956024	5.78496401431039e-05	3.948747689719312e-06	5.429732482298277e-06	0.0032658514101058245	0.047212086617946625	1.955361597083538e-07	0.00021433278743643314
clips	clip-026	20	3609600.0	3610575.0	0	Speech	0.4349033832550049	0.4349033832550049	0.0015223287045955658	0.00020061682153027505	0.0006523077609017491	3.4228341974085197e-06	2.822357782861218e-05	0.00012534935376606882	0.000958713295403868	0.002436114940792322	1.0230760949525575e-07	0.002145258244127035
clips	clip-026	21	3610080.0	3611055.0	0	Inside, small room	0.18400239944458008	0.06449425965547562	0.017664769664406776	0.0014857485657557845	0.0006755113136023283	0.0033387388102710247	0.004294279497116804	0.0005727468524128199	0.002364886226132512	0.06547506898641586	0.0021549947559833527	0.01613173447549343
clips	clip-026	22	3610560.0	3611535.0	0	Inside, small room	0.3436664342880249	0.02178366482257843	0.00197211722843349	0.00044722718303091824	0.0010918632615357637	1.0661883607099298e-05	2.3495974943443798e-08	4.5886685029472574e-07	0.004227558616548777	0.016539938747882843	4.25307807745412e-05	0.0226608719676733
clips	clip-026	23	3611040.0	3612015.0	0	Inside, small room	0.34456995129585266	0.014452301897108555	0.003909458871930838	0.0005563440499827266	0.0003713229962158948	0.0008138003177009523	2.18850309465779e-05	2.5001134417834692e-05	0.003408893244341016	0.12745313346385956	0.0005200222949497402	0.0281483456492424
clips	clip-026	24	3611520.0	3612495.0	0	Inside, small room	0.30673566460609436	0.011811485514044762	0.003923887386918068	0.001036635716445744	0.0015737578505650163	0.002795478329062462	3.310405008960515e-05	7.176144572440535e-05	0.004898129962384701	0.049495138227939606	0.00035854330053552985	0.07844412326812744
clips	clip-026	25	3612000.0	3612975.0	0	Inside, small room	0.3530479073524475	0.02560945600271225	0.003875941736623645	0.0011984365992248058	0.0012692667078226805	0.0016698803519830108	3.4045002394123e-05	0.00020491132454480976	0.008013088256120682	0.024183528497815132	0.0005954666412435472	0.042830344289541245
clips	clip-026	26	3612480.0	3613455.0	0	Inside, small room	0.4801754355430603	0.0031972937285900116	0.002629957627505064	0.0006250878213904798	0.0012582972412928939	0.0014634488616138697	1.8632515264016547e-07	2.6285761123290285e-06	0.000908645975869149	0.00375741976313293	5.851022706337972e-07	0.13918456435203552
clips	clip-026	27	3612960.0	3613935.0	0	Inside, small room	0.6084851026535034	0.0026515498757362366	0.001027328660711646	0.000347333203535527	0.0005361575167626143	0.0020265786442905664	1.8257475531413547e-08	1.8843844884486316e-07	0.0004844407085329294	0.0018162938067689538	1.2547411643026862e-06	0.04177016764879227
clips	clip-026	28	3613440.0	3614415.0	0	Inside, small room	0.6355586051940918	0.0031836542766541243	0.0015066830674186349	0.00043188544805161655	0.00040403459570370615	0.0005175725091248751	2.2734932159096388e-08	1.7792233109048539e-07	0.0002008962765103206	0.0013392773689702153	5.6825429055606946e-05	0.014632058329880238
clips	clip-026	29	3613920.0	3614895.0	0	Inside, small room	0.36929959058761597	0.016565904021263123	0.0035814763978123665	0.0008825550321489573	0.000523426104336977	0.002151900203898549	2.23440547415521e-05	3.216342520317994e-05	0.0007622416596859694	0.004041424952447414	0.0010851428378373384	0.009716387838125229
clips	clip-026	30	3614400.0	3615375.0	0	Inside, small room	0.3542194068431854	0.017073363065719604	0.005653101950883865	0.000994292669929564	0.0005203840555623174	0.0024710604920983315	0.0002300605847267434	0.00011417234782129526	0.003033725079149008	0.01563764363527298	0.0001022568394546397	0.05030813813209534
clips	clip-026	31	3614880.0	3615855.0	0	Inside, small room	0.45601925253868103	0.022530511021614075	0.0053627267479896545	0.0018513501854613423	0.0015400141710415483	0.0008035217761062086	2.082085046595239e-07	6.964215799598605e-07	0.001478990656323731	0.003738363739103079	0.00019565565162338316	0.01892818883061409
clips	clip-026	32	3615360.0	3616335.0	0	Inside, small room	0.2714914381504059	0.052850693464279175	0.0045161121524870396	0.0006453346577472985	0.001016970374621451	0.00022675043146591634	2.23199958782061e-06	2.338402919122018e-05	0.006821624469012022	0.016465432941913605	2.4027976905927062e-05	0.004674976691603661
clips	clip-026	33	3615840.0	3616815.0	0	Inside, small room	0.517397940158844	0.005777375306934118	0.002390475245192647	0.0012520297896116972	0.001262836391106248	0.003868661355227232	8.891654579201713e-05	6.694288458675146e-05	0.003807368688285351	0.0515885092318058	0.0026720822788774967	0.11290338635444641
clips	clip-026	34	3616320.0	3617295.0	0	Inside, small room	0.6251002550125122	0.005132664926350117	0.0012478859862312675	0.0010362707544118166	0.0013895814772695303	0.0009567483211867511	3.8227167920013017e-07	1.1554014918147004e-06	0.00047270552022382617	0.0035134439822286367	0.00011491770419524983	0.13532528281211853
clips	clip-026	35	3616800.0	3617775.0	0	Inside, small room	0.6642483472824097	0.008160843513906002	0.0012459614081308246	0.0009896093979477882	0.0009262934327125549	0.0010160189121961594	8.446983770227234e-07	1.608947627573798e-06	0.001499015954323113	0.006114026997238398	8.238804730353877e-05	0.0394318588078022
clips	clip-026	36	3617280.0	3618255.0	0	Inside, small room	0.5192651748657227	0.007158137392252684	0.0020176577381789684	0.000549157673958689	0.0006110385875217617	0.0001971940218936652	2.682894439942629e-08	1.1198573446336013e-07	0.0016337258275598288	0.0038828346878290176	3.0953462555771694e-05	0.015315428376197815
clips	clip-026	37	3617760.0	3618735.0	0	Inside, small room	0.25189918279647827	0.044139619916677475	0.0068372017703950405	0.002062095794826746	0.0025856050197035074	0.0008016931242309511	6.430893790820846e-06	3.1353436497738585e-05	0.003029849613085389	0.0020506519358605146	0.00010479379852768034	0.004817313514649868
clips	clip-026	38	3618240.0	3619215.0	0	Inside, small room	0.21655283868312836	0.03036184422671795	0.009676043875515461	0.001283665536902845	0.0013453940628096461	0.0012507573701441288	0.0001760938175721094	0.0005732678109779954	0.004922809544950724	0.005242772400379181	9.976379078580067e-05	0.032646361738443375
clips	clip-026	39	3618720.0	3619695.0	0	Inside, small room	0.5323823690414429	0.0046896012499928474	0.0011703873751685023	0.000513100647367537	0.00041306696948595345	0.0018928484059870243	1.9546401119896473e-07	1.0221559705314576e-06	0.0007664826698601246	0.0007075563771650195	6.956376182642998e-06	0.028918975964188576
clips	clip-026	40	3619200.0	3620000.0	175.0	Sliding door	0.3945121467113495	0.007518785540014505	0.002159197349101305	0.00048727315152063966	0.0007196184014901519	0.00037797217373736203	2.154144567612093e-05	0.00024756972561590374	0.0010053147561848164	0.01107991673052311	0.0008307804237119853	0.009073805063962936
clips	clip-027	0	4180000.0	4180975.0	0	Speech	0.408932089805603	0.408932089805603	0.010159862227737904	0.002003184286877513	0.000517748761922121	0.028324635699391365	1.3979387404106092e-05	1.862746648839675e-05	0.00034165591932833195	0.003231763606891036	0.00021851253404747695	0.0019506985554471612
clips	clip-027	1	4180480.0	4181455.0	0	Speech	0.8412960767745972	0.8412960767745972	0.01962694525718689	0.0009161618654616177	0.00028590773581527174	0.015569929964840412	3.012708971183997e-09	6.0966907078352506e-09	5.778287686553085e-06	0.0008176316041499376	1.027898065331101e-06	0.000352340197423473
clips	clip-027	2	4180960.0	4181935.0	0	Chewing, mastication	0.43788713216781616	0.011432030238211155	0.007781574036926031	0.00027749998844228685	0.00047438492765650153	0.0085401376709342	5.8259201907162605e-09	5.1965486136396066e-08	0.0013673023786395788	0.0026363793294876814	3.895495865435805e-06	0.005529177840799093
clips	clip-027	3	4181440.0	4182415.0	0	Sniff	0.4197743237018585	0.03606490045785904	0.004027446731925011	0.00012218252231832594	6.953476986382157e-05	0.0014513563364744186	6.706151225444046e-07	1.7468589703639736e-06	0.00010371595271863043	0.14760474860668182	0.0007682113791815937	0.0023269453085958958
clips	clip-027	4	4181920.0	4182895.0	0	Speech	0.40239110589027405	0.40239110589027405	0.017178213223814964	0.0006246914272196591	0.0002522083814255893	0.00717230373993516	1.9318515114719048e-05	1.6648529708618298e-05	0.00012821255950257182	0.005852787289768457	0.0003228240821044892	0.00037893798435106874
clips	clip-027	5	4182400.0	4183375.0	0	Dog	0.18902729451656342	0.04609272629022598	0.00753649091348052	0.0001425553491571918	0.00022820163576398045	0.00176750507671386	3.4744953154586256e-06	1.0190435205004178e-05	0.0023183065932244062	0.0009814322693273425	0.00023571786005049944	0.0011834966717287898
clips	clip-027	6	4182880.0	4183855.0	0	Animal	0.30267804861068726	0.018380427733063698	0.004885477479547262	0.00024751920136623085	0.00014035022468306124	0.0003400655696168542	4.014391379314475e-07	1.3523050483854604e-06	0.00027737460914067924	0.0026375330053269863	0.0003545491199474782	0.003450726391747594
clips	clip-027	7	4183360.0	4184335.0	0	Inside, small room	0.11052096635103226	0.08144614845514297	0.0018273445311933756	0.0005961275892332196	0.0007275863899849355	0.00727607449516654	8.979238828032976e-07	1.95607753994409e-06	0.004572365898638964	0.012105060741305351	0.00033805129351094365	0.004408532753586769
clips	clip-027	8	4183840.0	4184815.0	0	Inside, small room	0.11007776856422424	0.09454872459173203	0.008299360983073711	0.001135363825596869	0.0005034981877543032	0.10296250879764557	9.183087058772799e-06	2.9490036013157805e-06	0.0012649561977013946	0.05131196230649948	0.004849814809858799	0.013112888671457767
clips	clip-027	9	4184320.0	4185295.0	0	Speech	0.7999581098556519	0.7999581098556519	0.0029856651090085506	0.0019205642165616155	0.0006478306604549289	2.8622265745070763e-05	2.4233609563495406e-10	2.8491580650324977e-08	5.170173244550824e-05	0.00013227396993897855	3.722678627582354e-07	2.732735447352752e-05
clips	clip-027	10	4184800.0	4185775.0	0	Speech	0.287505179643631	0.287505179643631	0.021136822178959846	0.0026050270535051823	0.00023021941888146102	0.00444964412599802	0.00014589010970667005	6.234957709239097e-06	8.790545689407736e-05	0.059875648468732834	0.0010668355971574783	0.0002234297717222944
clips	clip-027	11	4185280.0	4186255.0	0	Speech	0.3267715573310852	0.3267715573310852	0.003842792008072138	0.0009156037122011185	8.481735130771995e-05	0.012608291581273079	2.0365605035710388e-10	3.622261934843607e-10	1.1565962267923169e-05	0.0019288392504677176	3.3315430414404545e-08	0.000362447026418522
clips	clip-027	12	4185760.0	4186735.0	0	Outside, rural or natural	0.1363009512424469	0.012512462213635445	0.004111949820071459	0.0003062997420784086	0.0007307606283575296	0.0013282494619488716	1.8419987100060098e-05	0.0007961872615851462	0.002541286638006568	0.0014161780709400773	0.00026826970861293375	0.035240158438682556
clips	clip-027	13	4186240.0	4187215.0	0	Squish	0.3383002281188965	0.023984041064977646	0.0009655635803937912	0.0006551944534294307	0.0018206390086561441	0.0029735013376921415	4.3616676492774786e-08	2.891342228394933e-05	0.0016623184783384204	0.00039904509321786463	3.432915320900065e-07	0.027073118835687637
clips	clip-027	14	4186720.0	4187695.0	0	Chewing, mastication	0.6608045101165771	0.02320658601820469	0.0022259268444031477	0.00010272653889842331	0.0002482296258676797	0.02230740152299404	4.683970225571876e-14	2.5871376221897613e-11	9.52972550294362e-05	5.601008524536155e-05	1.2457024344339485e-12	0.001777601893991232
clips	clip-027	15	4187200.0	4188175.0	0	Inside, small room	0.3823544979095459	0.008933630771934986	0.004003115464001894	0.00018958630971610546	0.000390853441786021	0.005281815771013498	1.5093741144098227e-12	1.876661465116669e-10	9.301954560214654e-05	8.13973747426644e-05	2.069152627015569e-10	0.006733686663210392
clips	clip-027	16	4187680.0	4188655.0	0	Inside, small room	0.2875056564807892	0.07842591404914856	0.0027351437602192163	0.00020784304069820791	9.110310929827392e-05	0.001740552019327879	5.482418408142564e-10	9.837231829123994e-08	0.00012274349865037948	0.0003021150187123567	2.413844981674629e-07	0.00036815775092691183
clips	clip-027	17	4188160.0	4189135.0	0	Speech	0.7299622297286987	0.7299622297286987	0.013472113758325577	0.0023926743306219578	0.0003944865020457655	0.018894536420702934	1.179503499315615e-07	5.099485633763834e-07	1.64268676599022e-05	0.002798667876049876	2.0072266124770977e-05	0.00020434045291040093
clips	clip-027	18	4188640.0	4189615.0	0	Speech	0.6866964101791382	0.6866964101791382	0.019351668655872345	0.0023821350187063217	0.0002955299278255552	0.006832621060311794	1.0267336136848826e-07	1.475615931667562e-07	0.00018335979257244617	0.0005490313051268458	7.957813977554906e-06	4.287856791052036e-05
clips	clip-027	19	4189120.0	4190095.0	0	Chewing, mastication	0.5599366426467896	0.0914793610572815	0.024592867121100426	4.012314821011387e-05	1.7481504983152263e-05	0.1622883528470993	3.5507718987304315e-10	7.511264388249117e-10	4.582055044011213e-05	0.0002496215747669339	6.260798990354033e-09	0.00019040878396481276
clips	clip-027	20	4189600.0	4190575.0	0	Chewing, mastication	0.48415765166282654	0.10983699560165405	0.0030287906993180513	6.87190840835683e-05	0.00011049921886296943	0.23932746052742004	1.4616172855363985e-11	2.772892804259186e-09	0.00011526362504810095	1.5711080777691677e-05	4.94453020194463e-11	0.0020692399702966213
clips	clip-027	21	4190080.0	4191055.0	0	Animal	0.1296640932559967	0.05413879081606865	0.005163070745766163	0.000283541448879987	0.0011824098182842135	2.995698741870001e-05	3.358340791237424e-06	0.001506512169726193	0.004373164847493172	0.0009514699340797961	6.136515366961248e-06	0.004463675431907177
clips	clip-027	22	4190560.0	4191535.0	0	Animal	0.19915464520454407	0.04847137629985809	0.00312746106646955	0.00041471124859526753	0.00019736653484869748	0.00024599608150310814	0.0015024386812001467	0.0071937162429094315	0.0017508165910840034	0.02097865752875805	0.00038057396886870265	0.0007130325539037585
clips	clip-027	23	4191040.0	4192015.0	0	Animal	0.4779137969017029	0.008836928755044937	0.0023396057076752186	0.00015658664051443338	0.0004867648531217128	3.0988612707005814e-05	1.5869092067077872e-06	3.876587925333297e-06	0.0016219705576077104	0.0032925724517554045	0.0001750503433868289	0.0006597951869480312
clips	clip-027	24	4191520.0	4192495.0	0	Inside, small room	0.46977704763412476	0.003151320619508624	0.0031736239325255156	0.0003832355432678014	0.0009196969331242144	0.0013558199862018228	6.444902944657827e-10	3.936134262971791e-08	0.0007133697508834302	0.0005298255709931254	1.16078076928261e-07	0.044870197772979736
clips	clip-027	25	4192000.0	4192975.0	0	Inside, small room	0.22380761802196503	0.001929411431774497	0.00035611039493232965	0.00015600764891132712	0.0005108779296278954	0.007257433608174324	1.3601654524908469e-10	2.382568453640488e-08	0.0006953676347620785	7.083704986143857e-05	1.0770648373181757e-08	0.07508045434951782
clips	clip-027	26	4192480.0	4193455.0	0	Speech	0.32682499289512634	0.32682499289512634	0.004380276892334223	0.000626278342679143	0.000621045648586005	0.16795659065246582	7.389029665905156e-11	5.420851545423488e-10	1.0786572602228262e-05	0.00024158657470252365	1.6779935663180368e-08	0.002528914250433445
clips	clip-027	27	4192960.0	4193935.0	0	Squish	0.3011105954647064	0.11811693757772446	0.004127040039747953	0.0008907731389626861	0.000954262912273407	0.0728541761636734	1.9427110942160652e-07	7.638665920239873e-06	0.0003584554942790419	0.0005866524297744036	1.1774001222875086e-06	0.006751921493560076
clips	clip-027	28	4193440.0	4194415.0	0	Chewing, mastication	0.7238556742668152	0.01723824441432953	0.0016576097114011645	0.00011023263505194336	0.0002680886536836624	0.18860094249248505	8.765885586847766e-12	5.873391217825485e-10	0.0001872397551778704	0.00020782976935151964	7.091070508558062e-10	0.00846121460199356
clips	clip-027	29	4193920.0	4194895.0	0	Chewing, mastication	0.7919674515724182	0.00842942576855421	0.0004488766426220536	7.1432632466894574e-06	5.4327945690602064e-05	0.05069025978446007	8.258411887656226e-16	3.3314412426627138e-12	1.0892789759964217e-05	6.700150152028073e-06	8.495224109675986e-14	0.004788872320204973
clips	clip-027	30	4194400.0	4195375.0	0	Speech	0.23044849932193756	0.23044849932193756	0.01174995955079794	0.0006289570010267198	0.00038656778633594513	0.20417338609695435	1.8397406265080463e-08	1.6501374489052978e-07	1.1874160009028856e-05	0.00076273427112028	1.540331311389309e-07	0.006479201372712851
clips	clip-027	31	4194880.0	4195855.0	0	Sigh	0.75910884141922	0.0696479082107544	0.00027363974368199706	0.00024620958720333874	0.00018141743203159422	0.009680436924099922	0.009193246252834797	0.04085924103856087	0.004163872916251421	0.1990853250026703	8.543802687199786e-05	0.0026004670653492212
clips	clip-027	32	4195360.0	4196335.0	0	Speech	0.59302818775177	0.59302818775177	0.004642092622816563	0.0015599301550537348	0.0009836803656071424	0.08938100934028625	4.2857286075559387e-07	4.167181032244116e-06	3.141349952784367e-05	0.016120480373501778	1.1702598385454621e-05	0.0028205709531903267
clips	clip-027	33	4195840.0	4196815.0	0	Speech	0.5420207977294922	0.5420207977294922	0.002984300022944808	0.0007762297173030674	0.0005528081092052162	0.004497711081057787	2.8102071780722326e-08	1.0411101811769186e-06	2.3696311473031528e-05	0.003644611919298768	8.165681356331334e-05	0.0025324986781924963
clips	clip-027	34	4196320.0	4197295.0	0	Speech	0.8944246768951416	0.8944246768951416	0.004632357507944107	0.006408567540347576	0.004754766821861267	0.0019447357626631856	2.9755449659774058e-08	9.082865517484606e-07	3.002305129484739e-05	0.0003488843503873795	5.2994256094507364e-08	0.0005603410536423326
clips	clip-027	35	4196800.0	4197775.0	0	Drip	0.21371544897556305	0.0049621774815022945	0.0020913060288876295	0.000280669511994347	0.00341130793094635	0.0025706517044454813	1.353276934956682e-10	9.797422251267562e-08	0.004361234605312347	0.00027313848841004074	1.8131986578850956e-08	0.07955575734376907
clips	clip-027	36	4197280.0	4198255.0	0	Raindrop	0.43466830253601074	0.00701899966225028	0.0019565485417842865	0.00011411553714424372	0.004340419080108404	8.578121924074367e-05	1.5977570828884513e-12	2.7868598095892594e-08	0.0018405966693535447	0.00013529483112506568	6.527082763163605e-10	0.0025823547039180994
clips	clip-027	37	4197760.0	4198735.0	0	Chewing, mastication	0.3402895927429199	0.013922552578151226	0.0028962218202650547	0.00033572554821148515	0.0011115812230855227	0.0016612063627690077	6.373111482993465e-10	1.277640819807857e-07	0.00012053971295244992	0.004040677100419998	5.532871000468731e-06	0.011797262355685234
clips	clip-027	38	4198240.0	4199215.0	0	Crunch	0.836738646030426	0.12846873700618744	0.006952306255698204	0.0005735944723710418	7.755008846288547e-05	0.23262043297290802	0.00010941619984805584	0.0001567620347486809	0.00017125494196079671	0.0017651173984631896	1.904158852994442e-05	0.00533702876418829
clips	clip-027	39	4198720.0	4199695.0	0	Chewing, mastication	0.6079986095428467	0.09575407207012177	0.005953777581453323	0.00010022309288615361	0.0001075729524018243	0.06485909968614578	4.599934799384697e-13	1.620578254923899e-10	5.792421507067047e-05	1.2366562259558123e-05	1.6545429956660307e-11	0.0010048437397927046
clips	clip-027	40	4199200.0	4200000.0	175.0	Chewing, mastication	0.3608158826828003	0.015156159177422523	0.0025709173642098904	0.0011144126765429974	0.0017052702605724335	0.021190252155065536	2.0299337766260805e-09	3.1642423437006073e-07	0.0024482428561896086	0.00020541856065392494	2.0049927940135603e-08	0.02605651132762432
short_parts	clip-001	0	63500	64475	0	Speech	0.8895568251609802	0.8895568251609802	0.001455706194974482	0.00442538084462285	0.023101074621081352	0.00028596632182598114	5.511035539029763e-08	1.70456878549885e-05	0.0004366320790722966	0.0008394742617383599	5.377091270020173e-07	0.0005061759147793055
short_parts	clip-001	1	63980	64955	0	Speech	0.06759674847126007	0.06759674847126007	0.001167014124803245	0.0002546483010519296	0.00031960618798621	0.00024726681294851005	0.0004936410114169121	0.02560400776565075	0.006908118259161711	0.0004888465045951307	2.03486001737474e-06	0.003601319855079055
short_parts	clip-001	2	64460	65220.0	215.0	Groan	0.11233362555503845	0.08655406534671783	0.0038948077708482742	0.0016542711528018117	0.0024241874925792217	0.0010992957977578044	0.03851008042693138	0.11233362555503845	0.01048901304602623	0.029841339215636253	8.82831955095753e-06	0.04763191565871239
short_parts	clip-002	0	65220	66195	0	Speech	0.42183563113212585	0.42183563113212585	4.652269126381725e-05	0.0006923691253177822	0.02175026200711727	7.071323580021271e-07	5.852532347638828e-11	7.058049504848896e-06	0.0006723496480844915	0.00011688010272337124	4.1289308777558986e-11	0.00033970619551837444
short_parts	clip-002	1	65700	66675	0	Explosion	0.2741698920726776	0.1958385407924652	4.217628884362057e-05	3.2184783776756376e-05	0.0010296989930793643	5.385508572430808e-08	3.186936391869066e-14	4.157104740443174e-07	0.0002803015522658825	6.940247772035946e-07	1.5925962263373117e-13	0.0005558604607358575
short_parts	clip-002	2	66180	67155	0	Outside, urban or manmade	0.12711253762245178	0.01141888927668333	0.0002660458267200738	0.0010492816800251603	0.0028788261115550995	0.0007640299154445529	9.617549068252629e-08	4.574252670863643e-05	0.0031192549504339695	0.0011503553250804543	6.948287705199618e-07	0.05057134851813316
short_parts	clip-002	3	66660	67635	0	Speech	0.9472127556800842	0.9472127556800842	0.0012785809813067317	0.009600657038390636	0.11723693460226059	7.449748409271706e-07	4.381967289024402e-10	3.8449940120699466e-07	0.00013172293256502599	0.00018029306374955922	3.772455004630304e-12	0.0001306003105128184
short_parts	clip-002	4	67140	67872.0	243.0	Speech	0.8915973901748657	0.8915973901748657	0.0004273985105101019	0.0018335808999836445	0.01618649996817112	2.1385989157352014e-07	3.0263630490523497e-10	2.4774026314844377e-06	5.3085048421053216e-05	7.991261554707307e-06	4.9324906138681346e-12	0.00022234742937143892
short_parts	clip-003	0	191840	192815	0	Speech	0.9934870004653931	0.9934870004653931	9.437573316972703e-05	0.00104133237618953	0.020464669913053513	9.230646802471654e-10	3.012997572639421e-16	4.087664668556146e-12	0.0002654438139870763	6.638377954004682e-07	4.2647553240640623e-14	8.043190973694436e-06
short_parts	clip-003	1	192320	193295	0	Speech	0.9880421161651611	0.9880421161651611	0.00011661593453027308	0.0012910825898870826	0.005852063186466694	2.161178542792186e-07	2.8088230526190916e-13	1.0943029815635441e-09	0.0002593003446236253	9.136737389781047e-06	9.575834916675241e-12	9.503698674961925e-05
short_parts	clip-003	2	192800	193775	0	Speech	0.9687438607215881	0.9687438607215881	0.0014778058975934982	0.008764547295868397	0.022414354607462883	1.4551432059306535e-06	6.173839217638033e-10	4.891184630650969e-07	6.465340266004205e-05	1.1041112884413451e-05	2.139485671959207e-10	7.54061620682478e-05
short_parts	clip-003	3	193280	194020.0	235.0	Speech	0.7363169193267822	0.7363169193267822	0.0002246959920739755	0.0006044259062036872	0.007628347259014845	2.3067779864049953e-07	1.884477296432152e-10	1.63785344398093e-07	0.0004601437831297517	4.1203329601557925e-06	9.821722428415836e-13	0.0007024407968856394
short_parts	clip-004	0	212820	213795	0	Speech	0.9958208799362183	0.9958208799362183	5.2111590775894e-05	0.0015083295293152332	0.005815933458507061	1.3500641671271296e-06	5.617415568280929e-16	9.974103655626884e-14	8.763886398810428e-06	2.8515071335277753e-06	2.8802296919011594e-13	4.904773595626466e-05
short_parts	clip-004	1	213300	213936.0	339.0	Speech	0.998938798904419	0.998938798904419	3.5813255294669943e-07	0.003489963710308075	0.005800205282866955	4.042894057726398e-12	7.850201623545442e-23	3.2948806166368015e-18	5.1797160267597064e-06	1.0144859258209848e-10	1.3527573443433553e-19	2.279314685438294e-06
short_parts	clip-005	0	215880	216620.0	235.0	Gurgling	0.29424917697906494	0.06995900720357895	0.017210735008120537	0.001097862608730793	0.004173138178884983	0.0015941603342071176	7.80435002525337e-05	0.00048744806554168463	0.025419266894459724	0.027009405195713043	3.232868402847089e-05	0.01569162681698799
short_parts	clip-006	0	218940	219915	0	Music	0.8167956471443176	0.0005960594862699509	0.00012617149332072586	2.4131459213094786e-06	2.4885363018256612e-05	1.690593904868365e-07	3.193598163697686e-11	5.369876632244086e-08	0.8167956471443176	8.221993084589485e-06	1.9311580112812976e-10	7.341519085457548e-05
short_parts	clip-006	1	219420	220395	0	Speech	0.3201351463794708	0.3201351463794708	0.002586676273494959	0.0007955293403938413	0.0010772689711302519	6.061428052817064e-07	2.4559309252936146e-08	8.076457334027509e-07	0.08629125356674194	4.6972185373306274e-05	6.577967326393264e-08	4.258313856553286e-05
short_parts	clip-006	2	219900	220875	0	Speech	0.35364478826522827	0.35364478826522827	0.0003665258118417114	0.0005834577605128288	0.006379165221005678	6.68414350002422e-06	1.0565225139202994e-08	8.271186970887356e-07	0.25244012475013733	0.000408473948482424	1.956609274600396e-08	0.0002450349275022745
short_parts	clip-006	3	220380	221355	0	Speech	0.10979347676038742	0.10979347676038742	0.00023500337556470186	3.851541623589583e-05	0.0005795194301754236	6.149256478238385e-06	3.734511831721132e-12	8.932940498418418e-10	0.03416881710290909	0.00044366525253280997	3.667743053714645e-10	0.0002824333496391773
short_parts	clip-006	4	220860	221360.0	475.0	Speech	0.18712586164474487	0.18712586164474487	0.002853532787412405	0.0001828130189096555	0.0008420908125117421	4.071301191288512e-06	1.1758257869587396e-06	7.607947918586433e-05	0.03535827621817589	0.00011131736391689628	5.532419322662463e-07	0.0002997174742631614
short_parts	clip-007	0	221360	222335	0	Music	0.3641480803489685	0.015498990193009377	0.0028968031983822584	5.0297116104047745e-05	0.0011580961290746927	4.5381249947240576e-05	1.3553150268741376e-10	9.390169530831827e-09	0.3641480803489685	0.0037467090878635645	1.1267387911573223e-08	0.0008136010146699846
short_parts	clip-007	1	221840	222815	0	Music	0.5936039686203003	0.003812803654000163	0.00013295405369717628	9.283867257181555e-06	0.00021348128211684525	2.4559949451941065e-07	1.4211262375218858e-12	6.984743339266686e-10	0.5936039686203003	0.000438693881733343	3.229827794104523e-10	8.845276897773147e-05
short_parts	clip-007	2	222320	223295	0	Music	0.47240766882896423	0.01215345412492752	8.299946784973145e-06	1.2361657354631461e-05	0.0003417828120291233	1.6137408920258167e-07	8.155655377385315e-14	3.0775775261560057e-09	0.47240766882896423	3.197503974661231e-05	5.341091718208402e-12	6.167830724734813e-05
short_parts	clip-007	3	222800	223775	0	Music	0.34351903200149536	0.011084483936429024	0.0007171682082116604	3.7795674870721996e-05	0.0008150346111506224	4.7650872147642076e-05	8.350634767007037e-11	2.8344150138082114e-08	0.34351903200149536	0.0007416218286380172	1.5084699045431194e-09	0.0020390634890645742
short_parts	clip-007	4	223280	224255	0	Drip	0.4647252857685089	0.03006312996149063	0.004006318282335997	0.00015000766143202782	0.0012269598664715886	0.0013383598998188972	5.1106470166928375e-09	4.705394758275361e-07	0.04479610547423363	0.0018764105625450611	7.304595595059027e-09	0.0024511266965419054
short_parts	clip-007	5	223760	224735	0	Liquid	0.19646677374839783	0.01944034732878208	0.005800140090286732	0.000206596523639746	0.0019111443543806672	0.00016079678607638925	3.8204910346451015e-09	4.446951322734094e-07	0.019939249381422997	0.0012875240063294768	4.257749424141366e-07	0.0036985345650464296
short_parts	clip-007	6	224240	225215	0	Animal	0.11363277584314346	0.010201757773756981	0.006484312005341053	0.0008980266284197569	0.007406294811517	0.0005070678307674825	1.7046725986347155e-07	1.3105680409353226e-05	0.06635433435440063	0.00471162935718894	5.10642564677255e-07	0.07803301513195038
short_parts	clip-007	7	224720	225695	0	Drip	0.6343027353286743	0.05051741003990173	0.004644245374947786	0.0006427848129533231	0.0019155690679326653	0.03105219267308712	2.1030732710869415e-09	2.1822540929861134e-07	0.0025744608137756586	0.001232775510288775	6.61385701761219e-09	0.008071443066000938
short_parts	clip-007	8	225200	226020.0	155.0	Music	0.35796716809272766	0.012908399105072021	0.0023305080831050873	0.0006087068468332291	0.0005126953474245965	0.000295963604003191	2.511263119231444e-05	0.00025772611843422055	0.35796716809272766	0.0007666368037462234	2.318360827757715e-07	0.0021395799703896046
short_parts	clip-008	0	260360	261335	0	Speech	0.8927590847015381	0.8927590847015381	0.0025403453037142754	0.0030272677540779114	0.004048642236739397	0.004190459847450256	1.0459228622083927e-10	1.6512574418925396e-08	6.111343100201339e-05	0.0005301314522512257	1.1322958543003026e-10	0.0010940481442958117
short_parts	clip-008	1	260840	261815	0	Speech	0.5529674291610718	0.5529674291610718	0.00039949154597707093	0.003967610653489828	0.0016496871830895543	1.5968181221737154e-09	2.2518673148397284e-08	3.548605673131533e-05	0.0006321077235043049	0.0006561455084010959	1.691769724310177e-09	2.1386273147072643e-05
short_parts	clip-008	2	261320	262000.0	295.0	Speech	0.6607915163040161	0.6607915163040161	0.0004999449593015015	0.0012255143374204636	0.0014723949134349823	2.780333124974277e-05	8.964342669059988e-06	0.000252714118687436	0.0006588902324438095	0.00021921056031715125	1.1424358348222086e-07	0.00022390703088603914
short_parts	clip-009	0	262000	262975	0	Breathing	0.15513552725315094	0.15217140316963196	0.010830596089363098	0.0009426555479876697	0.0005553372320719063	0.0007088761776685715	0.0003328358579892665	4.847998934565112e-05	0.000706049264408648	0.15513552725315094	0.0003886029007844627	0.0008060255786404014
short_parts	clip-009	1	262480	263455	0	Speech	0.9617488980293274	0.9617488980293274	0.004828626289963722	0.009714850224554539	0.009966077283024788	7.868567877267196e-07	3.7126832164169343e-10	7.330528184468221e-09	5.330576823325828e-05	0.00012339082604739815	1.865630983033384e-09	1.570741005707532e-05
short_parts	clip-009	2	262960	263935	0	Speech	0.9785683155059814	0.9785683155059814	0.00037513094139285386	0.0288761667907238	0.004509854596108198	3.4564436646178365e-05	2.7015840942112845e-07	2.7362671062292065e-06	0.00011698281014105305	0.00027847476303577423	2.5567560442141257e-05	6.274148472584784e-05
short_parts	clip-009	3	263440	264415	0	Speech	0.9772998094558716	0.9772998094558716	0.0003533181734383106	0.008674689568579197	0.010236497968435287	1.6236854207818396e-05	1.0726460830667861e-09	2.2386858589129588e-08	0.0003906911879312247	5.04992094647605e-05	8.967342424170965e-09	0.0002336534671485424
short_parts	clip-009	4	263920	264580.0	315.0	Speech	0.9810057282447815	0.9810057282447815	0.0007684727315790951	0.0027830004692077637	0.00226137088611722	2.4955286335170968e-06	2.2588693138203553e-09	1.4175046203490638e-07	0.0001350588136119768	1.4838637980574276e-05	9.930881672559622e-10	0.00029220542637631297
short_parts	clip-010	0	265200	266175	0	Speech	0.9976282119750977	0.9976282119750977	3.378371548024006e-05	0.0018234963063150644	0.010014128871262074	1.558783879751502e-09	4.3952550220937485e-16	1.5644313644015695e-13	5.988696284475736e-05	5.485655378834053e-07	4.5882915522543755e-12	2.632853693285142e-06
short_parts	clip-010	1	265680	266240.0	415.0	Speech	0.8267782330513	0.8267782330513	0.0005175841506570578	0.0037755894009023905	0.0006191239808686078	2.2243615660499927e-07	1.735132482139079e-09	9.083804286547092e-08	0.00016090123972389847	3.289462620159611e-05	1.2709932661891798e-07	1.0537147318245843e-05
short_parts	clip-011	0	3355932	3356832.0	75.0	Speech	0.9869739413261414	0.9869739413261414	0.00024239478807430714	0.0015348420711234212	0.002123813843354583	7.008296165622596e-07	1.4431794648217533e-10	4.896486416328116e-08	0.00011167277989443392	4.553948747343384e-05	1.6277637016059998e-08	1.7960088371182792e-05
short_parts	clip-012	0	3357732	3358100.0	607.0	Slap, smack	0.16621042788028717	0.12189655750989914	0.0013172815088182688	0.0007344700279645622	0.0004970760783180594	0.0003008098865393549	0.0013421939220279455	0.012527259066700935	0.003049531951546669	0.006021026987582445	2.8966302124899812e-05	0.003013019682839513
short_parts	clip-013	0	3358992	3359967	0	Speech	0.9998684525489807	0.9998684525489807	2.4426982658809493e-10	5.582437552220654e-06	0.027041679248213768	1.1665192813550248e-26	0.0	6.509821134119114e-34	1.2793251471521216e-06	6.716256794472509e-20	5.235973549784947e-36	1.771746660494955e-08
short_parts	clip-013	1	3359472	3360447	0	Speech	0.9998878240585327	0.9998878240585327	4.294532936731377e-14	1.6420267812122802e-08	0.0007760411826893687	2.4073676606796678e-35	0.0	0.0	3.426622697588755e-06	3.295609104451057e-26	0.0	1.5276049869505925e-10
short_parts	clip-013	2	3359952	3360612.0	315.0	Speech	0.9727838039398193	0.9727838039398193	2.1756843125331216e-05	0.001231863396242261	0.004019495565444231	4.0851520566320687e-07	1.217585738179719e-13	1.4464333376873473e-11	0.0005048397579230368	1.4345506542667863e-06	3.644316185630325e-12	0.00013603515981230885
